num_training_step_calls_per_iteration,num_env_steps_sampled_lifetime,done,training_iteration,trial_id,date,timestamp,time_this_iter_s,time_total_s,pid,hostname,node_ip,time_since_restore,iterations_since_restore,timers/training_iteration,timers/restore_env_runners,timers/training_step,timers/env_runner_sampling_timer,timers/learner_update_timer,timers/synch_weights,env_runners/episode_len_min,env_runners/env_reset_timer,env_runners/num_episodes,env_runners/rlmodule_inference_timer,env_runners/episode_len_max,env_runners/num_env_steps_sampled,env_runners/weights_seq_no,env_runners/env_to_module_sum_episodes_length_out,env_runners/time_between_sampling,env_runners/episode_duration_sec_mean,env_runners/env_step_timer,env_runners/episode_len_mean,env_runners/episode_return_max,env_runners/env_to_module_sum_episodes_length_in,env_runners/episode_return_mean,env_runners/sample,env_runners/num_episodes_lifetime,env_runners/num_env_steps_sampled_lifetime,env_runners/episode_return_min,env_runners/num_env_steps_sampled_lifetime_throughput,__all_modules__/learner_connector_sum_episodes_length_in,__all_modules__/learner_connector_sum_episodes_length_out,learners/IntrinsicAttentionMask,evaluation/num_healthy_workers,evaluation/actor_manager_num_outstanding_async_reqs,evaluation/num_remote_worker_restarts,fault_tolerance/num_healthy_workers,fault_tolerance/num_remote_worker_restarts,env_runner_group/actor_manager_num_outstanding_async_reqs,perf/cpu_util_percent,perf/ram_util_percent,env_runners/agent_episode_returns_mean/default_agent,env_runners/env_to_module_connector/connector_pipeline_timer,env_runners/num_agent_steps_sampled/default_agent,env_runners/module_to_env_connector/connector_pipeline_timer,env_runners/num_agent_steps_sampled_lifetime/default_agent,env_runners/module_episode_returns_mean/default_policy,env_runners/num_module_steps_sampled_lifetime/default_policy,env_runners/num_module_steps_sampled/default_policy,__all_modules__/learner_connector/connector_pipeline_timer,learners/intrinsic_reward_module/num_module_steps_trained_lifetime,learners/intrinsic_reward_module/default_optimizer_learning_rate,learners/intrinsic_reward_module/num_module_steps_trained,learners/intrinsic_reward_module/weights_seq_no,learners/intrinsic_reward_module/diff_num_grad_updates_vs_sampler_policy,learners/intrinsic_reward_module/num_trainable_parameters,learners/intrinsic_reward_module/total_loss,learners/intrinsic_reward_module/module_train_batch_size_mean,learners/intrinsic_reward_module/curr_entropy_coeff,learners/intrinsic_reward_module/gradients_default_optimizer_global_norm,learners/intrinsic_reward_module/num_module_steps_trained_lifetime_throughput,learners/default_policy/entropy,learners/default_policy/vf_loss,learners/default_policy/num_trainable_parameters,learners/default_policy/total_loss,learners/default_policy/mean_kl_loss,learners/default_policy/vf_explained_var,learners/default_policy/diff_num_grad_updates_vs_sampler_policy,learners/default_policy/vf_loss_unclipped,learners/default_policy/module_train_batch_size_mean,learners/default_policy/curr_entropy_coeff,learners/default_policy/num_module_steps_trained_lifetime,learners/default_policy/policy_loss,learners/default_policy/num_module_steps_trained,learners/default_policy/use_intrinsic_rewards,learners/default_policy/weights_seq_no,learners/default_policy/curr_kl_coeff,learners/default_policy/num_module_steps_trained_lifetime_throughput,learners/__all_modules__/num_env_steps_trained_lifetime,learners/__all_modules__/num_module_steps_trained_lifetime,learners/__all_modules__/num_env_steps_trained,learners/__all_modules__/num_module_steps_trained,learners/__all_modules__/num_non_trainable_parameters,learners/__all_modules__/num_trainable_parameters,learners/__all_modules__/num_env_steps_trained_lifetime_throughput,learners/__all_modules__/num_module_steps_trained_throughput,learners/__all_modules__/num_module_steps_trained_lifetime_throughput,evaluation/env_runners/num_episodes_lifetime,evaluation/env_runners/episode_len_min,evaluation/env_runners/env_step_timer,evaluation/env_runners/episode_len_mean,evaluation/env_runners/episode_return_mean,evaluation/env_runners/num_env_steps_sampled_lifetime,evaluation/env_runners/sample,evaluation/env_runners/rlmodule_inference_timer,evaluation/env_runners/env_to_module_sum_episodes_length_in,evaluation/env_runners/env_reset_timer,evaluation/env_runners/num_episodes,evaluation/env_runners/episode_len_max,evaluation/env_runners/num_env_steps_sampled,evaluation/env_runners/weights_seq_no,evaluation/env_runners/env_to_module_sum_episodes_length_out,evaluation/env_runners/episode_return_min,evaluation/env_runners/episode_duration_sec_mean,evaluation/env_runners/episode_return_max,evaluation/env_runners/module_to_env_connector/connector_pipeline_timer,evaluation/env_runners/env_to_module_connector/connector_pipeline_timer,evaluation/env_runners/module_episode_returns_mean/default_policy,evaluation/env_runners/num_agent_steps_sampled_lifetime/default_agent,evaluation/env_runners/num_module_steps_sampled/default_policy,evaluation/env_runners/num_module_steps_sampled_lifetime/default_policy,evaluation/env_runners/agent_episode_returns_mean/default_agent,evaluation/env_runners/num_agent_steps_sampled/default_agent,env_runners/env_to_module_connector/timers/connectors/add_time_dim_to_batch_and_zero_pad,env_runners/env_to_module_connector/timers/connectors/batch_individual_items,env_runners/env_to_module_connector/timers/connectors/numpy_to_tensor,env_runners/env_to_module_connector/timers/connectors/add_states_from_episodes_to_batch,env_runners/env_to_module_connector/timers/connectors/add_observations_from_episodes_to_batch,env_runners/module_to_env_connector/timers/connectors/get_actions,env_runners/module_to_env_connector/timers/connectors/tensor_to_numpy,env_runners/module_to_env_connector/timers/connectors/normalize_and_clip_actions,env_runners/module_to_env_connector/timers/connectors/listify_data_for_vector_env,env_runners/module_to_env_connector/timers/connectors/remove_single_ts_time_rank_from_batch,env_runners/module_to_env_connector/timers/connectors/un_batch_to_individual_items,__all_modules__/learner_connector/timers/connectors/add_one_ts_to_episodes_and_truncate,__all_modules__/learner_connector/timers/connectors/add_observations_from_episodes_to_batch,__all_modules__/learner_connector/timers/connectors/add_columns_from_episodes_to_train_batch,__all_modules__/learner_connector/timers/connectors/add_time_dim_to_batch_and_zero_pad,__all_modules__/learner_connector/timers/connectors/add_states_from_episodes_to_batch,__all_modules__/learner_connector/timers/connectors/batch_individual_items,__all_modules__/learner_connector/timers/connectors/numpy_to_tensor,learners/differentiable_learners/intrinsic_attention_ppo_learner/intrinsic_reward_module/weights_seq_no,learners/differentiable_learners/intrinsic_attention_ppo_learner/intrinsic_reward_module/diff_num_grad_updates_vs_sampler_policy,learners/differentiable_learners/intrinsic_attention_ppo_learner/intrinsic_reward_module/total_loss,learners/differentiable_learners/intrinsic_attention_ppo_learner/intrinsic_reward_module/num_module_steps_trained_lifetime,learners/differentiable_learners/intrinsic_attention_ppo_learner/intrinsic_reward_module/module_train_batch_size_mean,learners/differentiable_learners/intrinsic_attention_ppo_learner/intrinsic_reward_module/num_module_steps_trained,learners/differentiable_learners/intrinsic_attention_ppo_learner/__all_modules__/num_env_steps_trained_lifetime,learners/differentiable_learners/intrinsic_attention_ppo_learner/__all_modules__/num_env_steps_trained,learners/differentiable_learners/intrinsic_attention_ppo_learner/__all_modules__/num_module_steps_trained,learners/differentiable_learners/intrinsic_attention_ppo_learner/__all_modules__/num_module_steps_trained_lifetime,learners/differentiable_learners/intrinsic_attention_ppo_learner/__all_modules__/num_env_steps_trained_lifetime_throughput,learners/differentiable_learners/intrinsic_attention_ppo_learner/default_policy/entropy,learners/differentiable_learners/intrinsic_attention_ppo_learner/default_policy/vf_loss,learners/differentiable_learners/intrinsic_attention_ppo_learner/default_policy/total_loss,learners/differentiable_learners/intrinsic_attention_ppo_learner/default_policy/vf_explained_var,learners/differentiable_learners/intrinsic_attention_ppo_learner/default_policy/num_module_steps_trained_lifetime,learners/differentiable_learners/intrinsic_attention_ppo_learner/default_policy/policy_loss,learners/differentiable_learners/intrinsic_attention_ppo_learner/default_policy/module_train_batch_size_mean,learners/differentiable_learners/intrinsic_attention_ppo_learner/default_policy/num_module_steps_trained,learners/differentiable_learners/intrinsic_attention_ppo_learner/default_policy/use_intrinsic_rewards,learners/differentiable_learners/intrinsic_attention_ppo_learner/default_policy/weights_seq_no,learners/differentiable_learners/intrinsic_attention_ppo_learner/default_policy/mean_kl_loss,learners/differentiable_learners/intrinsic_attention_ppo_learner/default_policy/diff_num_grad_updates_vs_sampler_policy,learners/differentiable_learners/intrinsic_attention_ppo_learner/default_policy/vf_loss_unclipped,evaluation/env_runners/module_to_env_connector/timers/connectors/normalize_and_clip_actions,evaluation/env_runners/module_to_env_connector/timers/connectors/listify_data_for_vector_env,evaluation/env_runners/module_to_env_connector/timers/connectors/remove_single_ts_time_rank_from_batch,evaluation/env_runners/module_to_env_connector/timers/connectors/get_actions,evaluation/env_runners/module_to_env_connector/timers/connectors/tensor_to_numpy,evaluation/env_runners/module_to_env_connector/timers/connectors/un_batch_to_individual_items,evaluation/env_runners/env_to_module_connector/timers/connectors/numpy_to_tensor,evaluation/env_runners/env_to_module_connector/timers/connectors/add_observations_from_episodes_to_batch,evaluation/env_runners/env_to_module_connector/timers/connectors/add_states_from_episodes_to_batch,evaluation/env_runners/env_to_module_connector/timers/connectors/add_time_dim_to_batch_and_zero_pad,evaluation/env_runners/env_to_module_connector/timers/connectors/batch_individual_items
1,252500.0,False,1,8097b_00000,2025-08-11_15-24-52,1754918692,19.94513511657715,19.94513511657715,3098,Mac,127.0.0.1,19.94513511657715,1,19.66644683398772,8.791103027760983e-06,19.66631087497808,1.4181186669738963,18.12859545799438,0.0008813749300315976,50,0.00013711131163785878,100.0,3.532686220807128e-05,50,5000.0,0.0,26.762340024562445,0.0005429962452947423,0.013151326794177291,1.4799279933419356e-05,50.0,14.5,26.762340024562445,3.5,0.014959518833028073,5050.0,252500.0,-5.5,3196.166076132572,5000,5100,"[array([[0.02127681, 0.02045535, 0.01918182, ..., 0.01878564, 0.01949151,
        0.01872846],
       [0.02060469, 0.02011944, 0.01935164, ..., 0.01910872, 0.01954015,
        0.01907349],
       [0.01954481, 0.01957494, 0.01962422, ..., 0.01964025, 0.01961193,
        0.01964259],
       ...,
       [0.01921051, 0.01939926, 0.01971143, ..., 0.01981385, 0.01963318,
        0.01982885],
       [0.0198046 , 0.01971013, 0.01955686, ..., 0.01950736, 0.01959494,
        0.01950013],
       [0.01916208, 0.01937365, 0.01972411, ..., 0.01983925, 0.0196362 ,
        0.01985612]], dtype=float32), array([[0.01956861, 0.019537  , 0.0195332 , ..., 0.01938659, 0.01954002,
        0.01981604],
       [0.01957363, 0.01954594, 0.0195426 , ..., 0.0194141 , 0.01954858,
        0.01979017],
       [0.01957423, 0.01954701, 0.01954373, ..., 0.01941742, 0.01954961,
        0.01978705],
       ...,
       [0.01959706, 0.01958816, 0.01958709, ..., 0.01954565, 0.01958901,
        0.0196664 ],
       [0.01957315, 0.01954508, 0.01954171, ..., 0.01941147, 0.01954777,
        0.01979264],
       [0.01952838, 0.01946638, 0.01945893, ..., 0.01917275, 0.0194723 ,
        0.02001691]], dtype=float32), array([[0.02133001, 0.0205065 , 0.02049545, ..., 0.02007214, 0.01954025,
        0.0187753 ],
       [0.02063587, 0.02014989, 0.02014331, ..., 0.01989045, 0.01956973,
        0.01910236],
       [0.0206265 , 0.02014502, 0.02013851, ..., 0.01988795, 0.01957011,
        0.01910685],
       ...,
       [0.02026636, 0.01995701, 0.0199528 , ..., 0.01979079, 0.01958423,
        0.01928106],
       [0.01981061, 0.01971611, 0.01971482, ..., 0.01966492, 0.01960088,
        0.01950605],
       [0.01914872, 0.01936015, 0.01936306, ..., 0.01947609, 0.01962252,
        0.01984228]], dtype=float32), array([[0.02138319, 0.01928813, 0.02054655, ..., 0.01887957, 0.02087827,
        0.02006094],
       [0.01955022, 0.0196183 , 0.01957654, ..., 0.01963246, 0.01956598,
        0.01959233],
       [0.02065738, 0.01941829, 0.02016866, ..., 0.01917049, 0.02036337,
        0.01988134],
       ...,
       [0.01918667, 0.01968432, 0.01937778, ..., 0.01978926, 0.01930086,
        0.01949322],
       [0.02094613, 0.01936641, 0.02031994, ..., 0.01905367, 0.02056894,
        0.01995369],
       [0.02023237, 0.01949487, 0.01994366, ..., 0.01934514, 0.02005902,
        0.01977261]], dtype=float32), array([[0.02114522, 0.01907347, 0.01906319, ..., 0.01989824, 0.02064591,
        0.01983767],
       [0.01955764, 0.01962574, 0.01962609, ..., 0.01959775, 0.0195734 ,
        0.01959976],
       [0.01954959, 0.0196286 , 0.01962902, ..., 0.01959613, 0.01956787,
        0.01959846],
       ...,
       [0.02019734, 0.01939988, 0.0193958 , ..., 0.01972339, 0.02000967,
        0.01969992],
       [0.02076839, 0.01920208, 0.01919421, ..., 0.01983029, 0.0203944 ,
        0.01978437],
       [0.02015072, 0.01941619, 0.01941242, ..., 0.01971445, 0.01997807,
        0.01969282]], dtype=float32), array([[0.02130399, 0.02048149, 0.01920632, ..., 0.02004765, 0.01951641,
        0.01875239],
       [0.02062049, 0.02013486, 0.01936647, ..., 0.01987562, 0.01955514,
        0.01908811],
       [0.01954386, 0.01957398, 0.01962326, ..., 0.01959038, 0.01961097,
        0.01964163],
       ...,
       [0.02025655, 0.01994735, 0.01945265, ..., 0.01978121, 0.01957475,
        0.01927173],
       [0.01980761, 0.01971313, 0.01955984, ..., 0.01966194, 0.01959792,
        0.0195031 ],
       [0.01915544, 0.01936694, 0.01971728, ..., 0.01948293, 0.0196294 ,
        0.01984924]], dtype=float32), array([[0.01948052, 0.01944905, 0.01944526, ..., 0.01929931, 0.01945206,
        0.01972684],
       [0.01949645, 0.01946887, 0.01946555, ..., 0.01933756, 0.01947151,
        0.01971214],
       [0.01949837, 0.01947125, 0.01946799, ..., 0.01934217, 0.01947385,
        0.01971036],
       ...,
       [0.01957222, 0.01956333, 0.01956226, ..., 0.01952088, 0.01956418,
        0.01964147],
       [0.01949493, 0.01946697, 0.01946361, ..., 0.0193339 , 0.01946965,
        0.01971354],
       [0.01935589, 0.01929444, 0.01928705, ..., 0.0190034 , 0.01930031,
        0.01984011]], dtype=float32), array([[0.01950687, 0.01992869, 0.01992481, ..., 0.01977526, 0.01947837,
        0.01975351],
       [0.01933622, 0.02046227, 0.02045173, ..., 0.0200481 , 0.01926157,
        0.01998982],
       [0.0193378 , 0.02045738, 0.02044691, ..., 0.02004564, 0.01926356,
        0.01998769],
       ...,
       [0.0193985 , 0.02026873, 0.02026063, ..., 0.01994994, 0.01934041,
        0.01990495],
       [0.01951833, 0.01989248, 0.01988904, ..., 0.01975649, 0.01949302,
        0.01973721],
       [0.01940731, 0.02024124, 0.02023349, ..., 0.01993592, 0.01935159,
        0.01989282]], dtype=float32), array([[0.01948015, 0.01944868, 0.01989752, ..., 0.01974818, 0.0190092 ,
        0.01927772],
       [0.01949616, 0.01946858, 0.01986144, ..., 0.01973085, 0.01908282,
        0.01931865],
       [0.01926681, 0.01918503, 0.02037185, ..., 0.01997205, 0.01806546,
        0.01874455],
       ...,
       [0.01934334, 0.01927929, 0.02020302, ..., 0.0198932 , 0.0183963 ,
        0.01893328],
       [0.0197185 , 0.01974666, 0.019353  , ..., 0.01948211, 0.02014904,
        0.01990114],
       [0.01958295, 0.01957673, 0.01966467, ..., 0.01963559, 0.01948903,
        0.01954281]], dtype=float32), array([[0.01960399, 0.02002792, 0.01956851, ..., 0.01942164, 0.01913005,
        0.01940028],
       [0.01959226, 0.02073322, 0.01949858, ..., 0.01911377, 0.01836389,
        0.0190582 ],
       [0.01960468, 0.01996899, 0.01957414, ..., 0.01944763, 0.01919607,
        0.01942922],
       ...,
       [0.01960701, 0.01972527, 0.01959703, ..., 0.01955557, 0.01947259,
        0.01954952],
       [0.0196092 , 0.01924242, 0.01964058, ..., 0.01977161, 0.02003735,
        0.01979082],
       [0.01960728, 0.01968985, 0.0196003 , ..., 0.01957132, 0.01951325,
        0.01956709]], dtype=float32), array([[0.01955111, 0.01951952, 0.01951572, ..., 0.01936924, 0.01952254,
        0.01979831],
       [0.01955828, 0.0195306 , 0.01952728, ..., 0.01939888, 0.01953325,
        0.01977464],
       [0.01955914, 0.01953194, 0.01952866, ..., 0.01940245, 0.01953454,
        0.01977179],
       ...,
       [0.0195921 , 0.0195832 , 0.01958213, ..., 0.0195407 , 0.01958405,
        0.01966142],
       [0.01955759, 0.01952954, 0.01952617, ..., 0.01939604, 0.01953222,
        0.0197769 ],
       [0.01949429, 0.01943241, 0.01942497, ..., 0.01913929, 0.01943832,
        0.01998198]], dtype=float32), array([[0.01958618, 0.01955454, 0.02000583, ..., 0.01985567, 0.01911267,
        0.01938265],
       [0.01958902, 0.01956131, 0.01995604, ..., 0.01982483, 0.01917372,
        0.01941066],
       [0.01954507, 0.01946211, 0.02066606, ..., 0.02026049, 0.01832636,
        0.01901526],
       ...,
       [0.0195605 , 0.01949574, 0.02042983, ..., 0.02011654, 0.01860283,
        0.01914584],
       [0.01962472, 0.01965275, 0.01926096, ..., 0.01938946, 0.02005322,
        0.01980649],
       [0.0196038 , 0.01959758, 0.01968561, ..., 0.01965649, 0.01950978,
        0.01956362]], dtype=float32), array([[0.01949794, 0.01946644, 0.01946265, ..., 0.01976621, 0.01946945,
        0.01974447],
       [0.01951173, 0.01948413, 0.0194808 , ..., 0.0197466 , 0.01948676,
        0.01972758],
       [0.01951339, 0.01948625, 0.01948299, ..., 0.01974424, 0.01948885,
        0.01972555],
       ...,
       [0.01938001, 0.01931585, 0.01930813, ..., 0.01993092, 0.01932198,
        0.01988598],
       [0.01951041, 0.01948243, 0.01947907, ..., 0.01974848, 0.01948511,
        0.0197292 ],
       [0.0193896 , 0.01932805, 0.01932065, ..., 0.01991773, 0.01933393,
        0.01987467]], dtype=float32), array([[0.02133188, 0.01924184, 0.01923147, ..., 0.02007389, 0.02082817,
        0.02001279],
       [0.01955187, 0.01961995, 0.01962031, ..., 0.01959197, 0.01956763,
        0.01959399],
       [0.0195429 , 0.01962189, 0.0196223 , ..., 0.01958942, 0.01956118,
        0.01959176],
       ...,
       [0.02026663, 0.01946643, 0.01946233, ..., 0.01979105, 0.02007831,
        0.01976749],
       [0.02090752, 0.01933072, 0.01932279, ..., 0.01996313, 0.02053103,
        0.01991691],
       [0.02021442, 0.01947757, 0.01947378, ..., 0.01977677, 0.02004122,
        0.01975507]], dtype=float32), array([[0.02133017, 0.02050666, 0.0204956 , ..., 0.02007229, 0.0208265 ,
        0.02001119],
       [0.02063593, 0.02014995, 0.02014337, ..., 0.01989051, 0.0203396 ,
        0.01985384],
       [0.02062655, 0.02014508, 0.02013856, ..., 0.019888  , 0.02033298,
        0.01985167],
       ...,
       [0.02026638, 0.01995703, 0.01995283, ..., 0.01979081, 0.02007806,
        0.01976725],
       [0.02090655, 0.02028987, 0.02028155, ..., 0.01996221, 0.02053008,
        0.01991599],
       [0.02021421, 0.01992963, 0.01992575, ..., 0.01977656, 0.02004101,
        0.01975486]], dtype=float32), array([[0.01956852, 0.0195369 , 0.0195331 , ..., 0.01938649, 0.01909543,
        0.01936517],
       [0.01957355, 0.01954586, 0.01954253, ..., 0.01941403, 0.01915857,
        0.01939533],
       [0.01957415, 0.01954694, 0.01954366, ..., 0.01941735, 0.01916618,
        0.01939896],
       ...,
       [0.01959706, 0.01958815, 0.01958708, ..., 0.01954564, 0.01946271,
        0.0195396 ],
       [0.01964036, 0.01966841, 0.01967179, ..., 0.01980303, 0.02006919,
        0.01982227],
       [0.01960033, 0.0195941 , 0.01959335, ..., 0.01956438, 0.01950633,
        0.01956015]], dtype=float32)]",1,0,0,0,0,0,39.94482758620689,81.57586206896552,3.5,6.275444846685435e-05,5000.0,0.00012708285174283887,252500.0,3.5,252500.0,5000.0,0.10288237500935793,15504,0.0034467150366,15504,1.0,1.0,1990,0.0,969.0,0.0023669164802,0.0,815.1507351172351,0.6846673488616943,0.34512385725975037,17828,0.2834087312221527,3.241415527099889e-07,6.556510925292969e-07,1.0,24.88512420654297,969.0,0.0023669164802,15504,-3.657516572275199e-05,15504,0.0,1.0,0.40093573927879333,815.142717472842,81600,31008,81600,31008,0,19818,4290.419693415494,18030625.178233847,11043373.947384236,20,50,1.3205218607358444e-05,50.0,-0.9,6000,0.2668307500425726,3.0481189984380318e-05,27.167134025045954,0.0005297079915180802,20,50,1000,1.0,27.167134025045954,-13.5,0.01269014366553165,13.5,0.0001091409415595256,5.6724959776257955e-05,-0.9,1000,1000,1000,-0.9,1000,7.325654232714809e-06,1.2663035986866247e-05,1.3779507191689087e-05,2.761230367093784e-06,2.9001093009138866e-06,4.523578593252425e-05,1.5432942205891172e-05,1.0062511771636762e-05,1.0762793596060762e-05,1.2072793140549407e-05,6.7269331757991354e-06,0.004747166996821761,0.00033020798582583666,0.038232041988521814,0.05651154101360589,0.0017152499640360475,0.0011266249930486083,9.32919792830944e-05,16.0,16.0,0.0,93024,969.0,93024,489600,489600,186048,186048,49389.79146606391,0.6846662759780884,0.3518529534339905,0.28897372,6.556510925292969e-07,93024,-2.965425119327847e-05,969.0,93024,1.0,16.0,3.1859542559686815e-07,16.0,25.34575080871582,7.640897760867643e-06,9.97535111443143e-06,1.1540906320484458e-05,3.4180768832932555e-05,1.4293855569145463e-05,6.332497723302903e-06,1.1696684221321473e-05,2.7739105251841943e-06,2.636564991212213e-06,6.45435678971318e-06,1.1901621289651141e-05
1,10000.0,False,2,8097b_00000,2025-08-11_15-25-12,1754918712,19.897776126861572,39.84291124343872,3098,Mac,127.0.0.1,39.84291124343872,2,19.665922006897162,8.766942191869021e-06,19.665785575808258,1.4182529253046958,18.127901166324737,0.0008809274306986481,50,7.671823505914324e-05,100.0,3.153623877757982e-05,50,5000.0,1.0,27.16809333212661,0.11824877213726072,0.013289668725337832,1.4203607087944754e-05,50.0,14.5,27.16809333212661,3.5,0.01417595479276811,200.0,10000.0,-5.5,3475.906082207464,5000.0,5100.0,"[array([[0.01947136, 0.01989242, 0.01988854, ..., 0.01973927, 0.01900062,
        0.01926902],
       [0.01924183, 0.02036238, 0.02035189, ..., 0.01995024, 0.01803542,
        0.01871732],
       [0.01924395, 0.02035809, 0.02034767, ..., 0.01994835, 0.01804402,
        0.0187223 ],
       ...,
       [0.01932544, 0.02019238, 0.02018432, ..., 0.01987479, 0.01837927,
        0.01891576],
       [0.01972635, 0.01935738, 0.0193607 , ..., 0.01948987, 0.02015707,
        0.01990906],
       [0.01958122, 0.01966368, 0.01966293, ..., 0.01963385, 0.01948731,
        0.01954108]], dtype=float32), array([[0.02111957, 0.01905034, 0.02029324, ..., 0.01864682, 0.02062088,
        0.01981361],
       [0.01955846, 0.01962657, 0.0195848 , ..., 0.01964073, 0.01957422,
        0.01960059],
       [0.02050376, 0.01927388, 0.02001867, ..., 0.01902792, 0.02021194,
        0.01973348],
       ...,
       [0.01924641, 0.01974562, 0.01943813, ..., 0.01985088, 0.01936097,
        0.01955393],
       [0.0207491 , 0.01918424, 0.0201288 , ..., 0.01887444, 0.02037546,
        0.01976599],
       [0.02014175, 0.01940755, 0.01985433, ..., 0.01925849, 0.01996917,
        0.01968405]], dtype=float32), array([[0.02122366, 0.01914423, 0.02039326, ..., 0.01997206, 0.01944283,
        0.01868168],
       [0.01955516, 0.01962325, 0.01958149, ..., 0.01959527, 0.01961302,
        0.01963944],
       [0.02056473, 0.01933119, 0.0200782 , ..., 0.0198284 , 0.01951151,
        0.01904964],
       ...,
       [0.02022681, 0.01942819, 0.01991387, ..., 0.01975217, 0.01954601,
        0.01924344],
       [0.01979859, 0.0195522 , 0.01970285, ..., 0.01965298, 0.01958899,
        0.01949422],
       [0.01917544, 0.01973489, 0.01939008, ..., 0.01950326, 0.01964989,
        0.01986997]], dtype=float32), array([[0.02138419, 0.02055859, 0.01927863, ..., 0.01888046, 0.01958989,
        0.01882299],
       [0.02066741, 0.02018068, 0.01941054, ..., 0.01916688, 0.01959963,
        0.01913155],
       [0.01954099, 0.01957111, 0.01962038, ..., 0.01963641, 0.0196081 ,
        0.01963875],
       ...,
       [0.01918672, 0.01937524, 0.01968702, ..., 0.01978931, 0.01960887,
        0.0198043 ],
       [0.01981664, 0.01972211, 0.01956875, ..., 0.01951922, 0.01960685,
        0.01951199],
       [0.01913543, 0.01934671, 0.01969669, ..., 0.01981166, 0.0196089 ,
        0.01982852]], dtype=float32), array([[0.02122355, 0.02040415, 0.02039315, ..., 0.01997195, 0.01944272,
        0.01868158],
       [0.02057348, 0.02008897, 0.02008241, ..., 0.01983031, 0.01951056,
        0.0190446 ],
       [0.02056469, 0.02008466, 0.02007816, ..., 0.01982836, 0.01951147,
        0.0190496 ],
       ...,
       [0.0202268 , 0.01991805, 0.01991385, ..., 0.01975215, 0.019546  ,
        0.01924342],
       [0.01979859, 0.01970414, 0.01970285, ..., 0.01965298, 0.01958899,
        0.01949422],
       [0.01917543, 0.01938715, 0.01939007, ..., 0.01950326, 0.01964989,
        0.01986996]], dtype=float32), array([[0.01952455, 0.01949301, 0.01948921, ..., 0.01979319, 0.01949603,
        0.01977142],
       [0.01953503, 0.01950739, 0.01950406, ..., 0.01977018, 0.01951003,
        0.01975114],
       [0.01953629, 0.01950912, 0.01950585, ..., 0.01976741, 0.01951172,
        0.01974869],
       ...,
       [0.01943475, 0.01937041, 0.01936267, ..., 0.01998722, 0.01937655,
        0.01994215],
       [0.01953403, 0.01950602, 0.01950265, ..., 0.01977238, 0.0195087 ,
        0.01975308],
       [0.01944207, 0.01938035, 0.01937293, ..., 0.01997162, 0.01938624,
        0.01992845]], dtype=float32), array([[0.01951567, 0.01993768, 0.0199338 , ..., 0.01933413, 0.01948716,
        0.01976243],
       [0.01935932, 0.02048671, 0.02047616, ..., 0.01888651, 0.01928457,
        0.0200137 ],
       [0.01936077, 0.02048168, 0.02047119, ..., 0.01889057, 0.01928644,
        0.02001143],
       ...,
       [0.01958215, 0.01970027, 0.01969919, ..., 0.01953078, 0.01957411,
        0.01965144],
       [0.01952615, 0.01990044, 0.01989701, ..., 0.01936486, 0.01950082,
        0.01974511],
       [0.01942454, 0.02025921, 0.02025145, ..., 0.01907081, 0.01936877,
        0.01991048]], dtype=float32), array([[0.02122355, 0.02040415, 0.02039315, ..., 0.01997195, 0.01944272,
        0.01868158],
       [0.02057348, 0.02008897, 0.02008241, ..., 0.01983031, 0.01951056,
        0.0190446 ],
       [0.02056469, 0.02008466, 0.02007816, ..., 0.01982836, 0.01951147,
        0.0190496 ],
       ...,
       [0.0202268 , 0.01991805, 0.01991385, ..., 0.01975215, 0.019546  ,
        0.01924342],
       [0.01979859, 0.01970414, 0.01970285, ..., 0.01965298, 0.01958899,
        0.01949422],
       [0.01917543, 0.01938715, 0.01939007, ..., 0.01950326, 0.01964989,
        0.01986996]], dtype=float32), array([[0.01948016, 0.01944869, 0.0194449 , ..., 0.01974819, 0.01900921,
        0.01927773],
       [0.01949617, 0.01946859, 0.01946527, ..., 0.01973086, 0.01908283,
        0.01931866],
       [0.01949809, 0.01947098, 0.01946772, ..., 0.01972876, 0.01909171,
        0.01932359],
       ...,
       [0.01934339, 0.01927935, 0.01927165, ..., 0.01989326, 0.01839635,
        0.01893333],
       [0.01971851, 0.01974667, 0.01975006, ..., 0.01948212, 0.02014905,
        0.01990115],
       [0.01958295, 0.01957673, 0.01957598, ..., 0.01963559, 0.01948904,
        0.01954281]], dtype=float32), array([[0.02140996, 0.02058337, 0.01930186, ..., 0.01890321, 0.01961349,
        0.01884567],
       [0.02068271, 0.02019562, 0.01942491, ..., 0.01918107, 0.01961414,
        0.01914571],
       [0.01954003, 0.01957015, 0.01961942, ..., 0.01963544, 0.01960713,
        0.01963779],
       ...,
       [0.01918072, 0.01936918, 0.01968085, ..., 0.01978312, 0.01960273,
        0.0197981 ],
       [0.01981963, 0.01972509, 0.0195717 , ..., 0.01952216, 0.01960981,
        0.01951494],
       [0.0191287 , 0.01933991, 0.01968975, ..., 0.01980469, 0.019602  ,
        0.01982154]], dtype=float32), array([[0.01952418, 0.01994638, 0.0199425 , ..., 0.01979282, 0.01905217,
        0.0193213 ],
       [0.01938039, 0.02050901, 0.02049845, ..., 0.0200939 , 0.0181653 ,
        0.0188521 ],
       [0.01938174, 0.02050386, 0.02049336, ..., 0.02009118, 0.01817322,
        0.01885636],
       ...,
       [0.01943321, 0.02030499, 0.02029688, ..., 0.01998563, 0.01848176,
        0.01902124],
       [0.01967931, 0.01931122, 0.01931453, ..., 0.01944339, 0.020109  ,
        0.01986159],
       [0.01959163, 0.01967414, 0.01967339, ..., 0.01964429, 0.01949767,
        0.01955147]], dtype=float32), array([[0.02133001, 0.0205065 , 0.01922978, ..., 0.01883261, 0.01954025,
        0.01877529],
       [0.02063587, 0.02014989, 0.01938093, ..., 0.01913764, 0.01956973,
        0.01910236],
       [0.0195429 , 0.01957303, 0.0196223 , ..., 0.01963833, 0.01961001,
        0.01964067],
       ...,
       [0.01919859, 0.01938722, 0.01969919, ..., 0.01980155, 0.019621  ,
        0.01981655],
       [0.01981061, 0.01971611, 0.0195628 , ..., 0.01951328, 0.01960088,
        0.01950605],
       [0.01914872, 0.01936015, 0.01971036, ..., 0.01982542, 0.01962252,
        0.01984228]], dtype=float32), array([[0.01955107, 0.01951948, 0.01996996, ..., 0.01982007, 0.0195225 ,
        0.01979827],
       [0.01955824, 0.01953057, 0.01992468, ..., 0.01979367, 0.01953322,
        0.01977461],
       [0.01945387, 0.0193713 , 0.02056964, ..., 0.02016596, 0.01937918,
        0.02010766],
       ...,
       [0.01948907, 0.01942454, 0.02035522, ..., 0.02004308, 0.0194307 ,
        0.01999788],
       [0.01955756, 0.01952952, 0.01992902, ..., 0.0197962 , 0.0195322 ,
        0.01977688],
       [0.01949415, 0.01943226, 0.02032402, ..., 0.02002512, 0.01943817,
        0.01998183]], dtype=float32), array([[0.01953348, 0.01950192, 0.01949812, ..., 0.01935178, 0.01950494,
        0.01978046],
       [0.01954283, 0.01951519, 0.01951186, ..., 0.01938356, 0.01951783,
        0.01975903],
       [0.01954396, 0.01951678, 0.01951351, ..., 0.01938739, 0.01951938,
        0.01975645],
       ...,
       [0.01958714, 0.01957824, 0.01957717, ..., 0.01953575, 0.01957909,
        0.01965644],
       [0.01954194, 0.01951392, 0.01951054, ..., 0.01938052, 0.0195166 ,
        0.01976108],
       [0.01945977, 0.01939799, 0.01939057, ..., 0.01910539, 0.0194039 ,
        0.01994659]], dtype=float32), array([[0.02127644, 0.020455  , 0.01918149, ..., 0.01878532, 0.01949117,
        0.01872814],
       [0.02060456, 0.02011931, 0.01935151, ..., 0.0191086 , 0.01954003,
        0.01907337],
       [0.01954481, 0.01957494, 0.01962422, ..., 0.01964025, 0.01961193,
        0.01964259],
       ...,
       [0.01921049, 0.01939925, 0.01971141, ..., 0.01981383, 0.01963316,
        0.01982884],
       [0.01980459, 0.01971012, 0.01955685, ..., 0.01950735, 0.01959493,
        0.01950013],
       [0.01916205, 0.01937363, 0.01972409, ..., 0.01983923, 0.01963618,
        0.0198561 ]], dtype=float32), array([[0.02140996, 0.01931228, 0.01930186, ..., 0.01890321, 0.02090441,
        0.02008605],
       [0.0195494 , 0.01961747, 0.01961782, ..., 0.01963163, 0.01956515,
        0.0195915 ],
       [0.01954004, 0.01961901, 0.01961942, ..., 0.01963544, 0.01955831,
        0.01958888],
       ...,
       [0.01918071, 0.01967821, 0.01968085, ..., 0.01978312, 0.01929487,
        0.01948717],
       [0.02096607, 0.01938484, 0.0193769 , ..., 0.0190718 , 0.02058852,
        0.01997268],
       [0.02024149, 0.01950365, 0.01949986, ..., 0.01935386, 0.02006805,
        0.01978152]], dtype=float32)]",1,0,0,0,0,0,32.86071428571428,81.96785714285714,3.5,6.017212941187566e-05,5000.0,0.00011923193222063441,10000.0,3.5,10000.0,5000.0,0.10287749416893348,31008,0.0034467150366,15504,2.0,1.0,1990,0.0,969.0,0.0023669164802,0.0,815.7964554388681,0.6858527660369873,0.3372339904308319,17828,0.27685341238975525,4.64454096800182e-05,7.152557373046875e-07,1.0,23.370744705200195,969.0,0.0023669164802,31008,-9.056141425389796e-05,15504,0.0,2.0,0.20046786963939667,815.7886803689065,163200,62016,81600,31008,0,19818,4293.814028516123,17766371.85426703,11087261.405099466,40,50,1.3963705623448958e-05,50.0,-0.4,11000,0.266924864212051,3.170572577667064e-05,27.168093298253442,0.0005252429912798106,20,50,1000,2.0,27.168093298253442,-14.5,0.012931921909330412,17.5,0.00011548010809585053,5.8288469205762814e-05,-0.4,2000,1000,2000,-0.4,1000,7.206183607084509e-06,1.2622303118754052e-05,1.2798703114248712e-05,2.7640927741900164e-06,2.826561861660612e-06,3.9637877952359176e-05,1.535504621825427e-05,8.084740650119329e-06,1.0876273792272625e-05,1.1965401124064198e-05,6.6372755208588636e-06,0.004744370327098295,0.0003302200755570084,0.038232747818110514,0.05651140519301407,0.0017127641348633916,0.0011272395832929761,9.286489919759334e-05,32.0,31.0,0.0,186048,969.0,93024,979200,489600,186048,372096,48965.96100631177,0.685853123664856,0.35037660598754883,0.28763944,6.556510925292969e-07,186048,-0.00017819229105953127,969.0,93024,1.0,32.0,4.577125218929723e-05,31.0,24.324119567871094,7.988715037631302e-06,1.0511278345352285e-05,1.1907387963177334e-05,3.749521275861297e-05,1.507047035665349e-05,6.5676491044800795e-06,1.228925039713013e-05,2.793109176349239e-06,2.702944953159242e-06,6.657737756967655e-06,1.238577705211847e-05
1,-232500.0,False,3,8097b_00000,2025-08-11_15-25-32,1754918732,20.031743049621582,59.8746542930603,3098,Mac,127.0.0.1,59.8746542930603,3,19.666827644737644,8.747613220475613e-06,19.666690645890203,1.4185663768913597,18.128418310490705,0.0008839323266758584,50,5.553272034462301e-05,100.0,3.207839487575218e-05,50,5000.0,2.0,27.16809333212661,0.16092650968443617,0.013436540404800324,1.4216316276599292e-05,50.0,14.5,27.16809333212661,3.5,0.013963706006838595,-4650.0,-232500.0,-5.5,3452.1874001195933,5000.0,5100.0,"[array([[0.01954208, 0.01951051, 0.01996078, ..., 0.01981096, 0.01951353,
        0.01978917],
       [0.01955039, 0.01952273, 0.01991669, ..., 0.01978573, 0.01952538,
        0.01976667],
       [0.01942964, 0.01934717, 0.02054401, ..., 0.02014084, 0.01935505,
        0.02008261],
       ...,
       [0.01947034, 0.01940587, 0.02033566, ..., 0.02002381, 0.01941203,
        0.01997866],
       [0.0195496 , 0.01952156, 0.0199209 , ..., 0.01978814, 0.01952425,
        0.01976883],
       [0.01947621, 0.01941438, 0.02030532, ..., 0.02000669, 0.01942029,
        0.01996344]], dtype=float32), array([[0.0214377 , 0.0193373 , 0.01932687, ..., 0.02017348, 0.0196389 ,
        0.01887008],
       [0.01954857, 0.01961664, 0.019617  , ..., 0.01958867, 0.01960641,
        0.01963282],
       [0.01953908, 0.01961805, 0.01961846, ..., 0.01958559, 0.01960618,
        0.01963683],
       ...,
       [0.02030609, 0.01950434, 0.01950023, ..., 0.01982959, 0.01962263,
        0.01931886],
       [0.01982266, 0.01957597, 0.01957469, ..., 0.01967687, 0.0196128 ,
        0.01951791],
       [0.0191221 , 0.01968   , 0.01968296, ..., 0.01944902, 0.01959524,
        0.0198147 ]], dtype=float32), array([[0.01946287, 0.01988375, 0.01942765, ..., 0.01973066, 0.01943444,
        0.01970896],
       [0.01922092, 0.02034025, 0.01912902, ..., 0.01992856, 0.01914671,
        0.01987062],
       [0.01948317, 0.01984523, 0.01945282, ..., 0.01971366, 0.01945867,
        0.019695  ],
       ...,
       [0.0193088 , 0.020175  , 0.01923718, ..., 0.01985768, 0.01925097,
        0.01981291],
       [0.01947926, 0.01985266, 0.01944797, ..., 0.01971695, 0.019454  ,
        0.0196977 ],
       [0.01932127, 0.0201515 , 0.01925256, ..., 0.01984753, 0.01926579,
        0.01980462]], dtype=float32), array([[0.01953329, 0.01950173, 0.01949794, ..., 0.01980205, 0.01906106,
        0.01933031],
       [0.01954269, 0.01951504, 0.01951171, ..., 0.01977793, 0.01912836,
        0.01936475],
       [0.01954382, 0.01951664, 0.01951337, ..., 0.01977503, 0.01913648,
        0.0193689 ],
       ...,
       [0.01945244, 0.01938803, 0.01938029, ..., 0.02000541, 0.01850005,
        0.01904007],
       [0.01967171, 0.0196998 , 0.01970319, ..., 0.01943588, 0.02010123,
        0.01985391],
       [0.01959338, 0.01958716, 0.01958641, ..., 0.01964605, 0.01949942,
        0.01955322]], dtype=float32), array([[0.01948023, 0.01944876, 0.01944498, ..., 0.01974826, 0.01900928,
        0.0192778 ],
       [0.01949623, 0.01946865, 0.01946533, ..., 0.01973091, 0.01908289,
        0.01931871],
       [0.01949815, 0.01947104, 0.01946778, ..., 0.01972882, 0.01909177,
        0.01932364],
       ...,
       [0.01934371, 0.01927966, 0.01927196, ..., 0.01989358, 0.01839664,
        0.01893364],
       [0.01971857, 0.01974673, 0.01975012, ..., 0.01948218, 0.02014911,
        0.0199012 ],
       [0.01958295, 0.01957673, 0.01957599, ..., 0.01963559, 0.01948904,
        0.01954281]], dtype=float32), array([[0.0195597 , 0.0195281 , 0.0195243 , ..., 0.01937776, 0.01908683,
        0.01935644],
       [0.01956583, 0.01953815, 0.01953482, ..., 0.01940637, 0.01915101,
        0.01938768],
       [0.01956656, 0.01953935, 0.01953608, ..., 0.01940982, 0.01915875,
        0.01939144],
       ...,
       [0.01959457, 0.01958567, 0.0195846 , ..., 0.01954317, 0.01946024,
        0.01953712],
       [0.01964819, 0.01967625, 0.01967963, ..., 0.01981092, 0.02007719,
        0.01983017],
       [0.01959859, 0.01959237, 0.01959162, ..., 0.01956264, 0.0195046 ,
        0.01955841]], dtype=float32), array([[0.02130407, 0.02048156, 0.0192064 , ..., 0.01880972, 0.01951649,
        0.01875246],
       [0.02062052, 0.02013489, 0.0193665 , ..., 0.01912339, 0.01955516,
        0.01908814],
       [0.01954386, 0.01957398, 0.01962326, ..., 0.01963929, 0.01961097,
        0.01964163],
       ...,
       [0.01920458, 0.01939328, 0.01970535, ..., 0.01980774, 0.01962713,
        0.01982274],
       [0.01980761, 0.01971313, 0.01955984, ..., 0.01951033, 0.01959792,
        0.0195031 ],
       [0.01915545, 0.01936695, 0.01971729, ..., 0.01983238, 0.01962941,
        0.01984925]], dtype=float32), array([[0.01948044, 0.01990169, 0.01944518, ..., 0.01974847, 0.01945198,
        0.01972675],
       [0.01926683, 0.02038884, 0.01917471, ..., 0.01997616, 0.01919244,
        0.01991808],
       [0.01949831, 0.01986064, 0.01946793, ..., 0.01972898, 0.01947378,
        0.0197103 ],
       ...,
       [0.01934455, 0.02021236, 0.01927281, ..., 0.01989445, 0.01928662,
        0.0198496 ],
       [0.01949486, 0.01986856, 0.01946354, ..., 0.01973274, 0.01946958,
        0.01971348],
       [0.01935557, 0.02018727, 0.01928674, ..., 0.01988277, 0.0193    ,
        0.01983979]], dtype=float32), array([[0.02119679, 0.02037843, 0.01910968, ..., 0.018715  , 0.02069627,
        0.01988606],
       [0.02055784, 0.02007369, 0.01930764, ..., 0.01906527, 0.02026263,
        0.01977871],
       [0.01954768, 0.01957781, 0.0196271 , ..., 0.01964313, 0.01956596,
        0.01959655],
       ...,
       [0.01922838, 0.01941731, 0.01972977, ..., 0.01983229, 0.01934283,
        0.01953561],
       [0.02080715, 0.0201934 , 0.01923003, ..., 0.01892724, 0.02043246,
        0.0198213 ],
       [0.0201687 , 0.01988476, 0.01942974, ..., 0.01928427, 0.01999589,
        0.01971039]], dtype=float32), array([[0.01952471, 0.01949317, 0.01948937, ..., 0.01934309, 0.01949618,
        0.01977158],
       [0.01953514, 0.01950751, 0.01950418, ..., 0.01937594, 0.01951015,
        0.01975126],
       [0.0195364 , 0.01950923, 0.01950596, ..., 0.01937989, 0.01951183,
        0.01974881],
       ...,
       [0.01958466, 0.01957575, 0.01957469, ..., 0.01953327, 0.01957661,
        0.01965395],
       [0.01953415, 0.01950614, 0.01950277, ..., 0.01937279, 0.01950882,
        0.0197532 ],
       [0.01944267, 0.01938095, 0.01937353, ..., 0.0190886 , 0.01938684,
        0.01992906]], dtype=float32), array([[0.01952446, 0.01994666, 0.01948912, ..., 0.0197931 , 0.01949593,
        0.01977133],
       [0.0193823 , 0.02051103, 0.01928962, ..., 0.02009588, 0.01930746,
        0.02003745],
       [0.01953622, 0.01989926, 0.01950578, ..., 0.01976734, 0.01951165,
        0.01974862],
       ...,
       [0.01943436, 0.02030619, 0.01936228, ..., 0.01998681, 0.01937616,
        0.01994175],
       [0.01953395, 0.0199084 , 0.01950257, ..., 0.01977231, 0.01950862,
        0.019753  ],
       [0.01944171, 0.02027711, 0.01937257, ..., 0.01997125, 0.01938589,
        0.01992808]], dtype=float32), array([[0.02125091, 0.01916881, 0.02041944, ..., 0.0199977 , 0.02074911,
        0.01993683],
       [0.01955434, 0.01962243, 0.01958067, ..., 0.01959445, 0.0195701 ,
        0.01959646],
       [0.02058041, 0.01934592, 0.0200935 , ..., 0.01984351, 0.02028749,
        0.01980725],
       ...,
       [0.02023679, 0.01943778, 0.0199237 , ..., 0.01976191, 0.02004875,
        0.01973839],
       [0.02084735, 0.01927508, 0.02022411, ..., 0.01990568, 0.02047194,
        0.01985959],
       [0.02018701, 0.01945115, 0.01989894, ..., 0.01974995, 0.02001404,
        0.01972828]], dtype=float32), array([[0.02133132, 0.01924134, 0.01923097, ..., 0.01883378, 0.01954145,
        0.01877645],
       [0.01955187, 0.01961995, 0.0196203 , ..., 0.01963411, 0.01960972,
        0.01963613],
       [0.0195429 , 0.01962189, 0.0196223 , ..., 0.01963833, 0.01961001,
        0.01964067],
       ...,
       [0.01919866, 0.01969663, 0.01969927, ..., 0.01980163, 0.01962107,
        0.01981662],
       [0.01981063, 0.0195641 , 0.01956282, ..., 0.0195133 , 0.0196009 ,
        0.01950607],
       [0.01914881, 0.01970749, 0.01971046, ..., 0.01982552, 0.01962261,
        0.01984238]], dtype=float32), array([[0.02125013, 0.0204297 , 0.02041869, ..., 0.01876209, 0.01946707,
        0.01870498],
       [0.02058907, 0.02010419, 0.02009762, ..., 0.01909423, 0.01952534,
        0.01905903],
       [0.02058013, 0.02009974, 0.02009323, ..., 0.0190988 , 0.01952611,
        0.0190639 ],
       ...,
       [0.01921647, 0.01940528, 0.01940788, ..., 0.01982   , 0.01963927,
        0.01983501],
       [0.01980159, 0.01970713, 0.01970584, ..., 0.01950439, 0.01959196,
        0.01949717],
       [0.01916875, 0.0193804 , 0.01938331, ..., 0.01984616, 0.01964304,
        0.01986304]], dtype=float32), array([[0.0195597 , 0.0195281 , 0.0195243 , ..., 0.01937776, 0.01908683,
        0.01935644],
       [0.01956583, 0.01953815, 0.01953482, ..., 0.01940637, 0.01915101,
        0.01938768],
       [0.01956656, 0.01953935, 0.01953608, ..., 0.01940982, 0.01915875,
        0.01939144],
       ...,
       [0.01959457, 0.01958567, 0.0195846 , ..., 0.01954317, 0.01946024,
        0.01953712],
       [0.01964819, 0.01967625, 0.01967963, ..., 0.01981092, 0.02007719,
        0.01983017],
       [0.01959859, 0.01959237, 0.01959162, ..., 0.01956264, 0.0195046 ,
        0.01955841]], dtype=float32), array([[0.0195685 , 0.01953688, 0.01998776, ..., 0.01938647, 0.01909541,
        0.01936514],
       [0.01957353, 0.01954584, 0.01994026, ..., 0.01941401, 0.01915855,
        0.01939532],
       [0.01949858, 0.01941582, 0.02061691, ..., 0.01902504, 0.01828278,
        0.01897004],
       ...,
       [0.01959705, 0.01958815, 0.01971418, ..., 0.01954564, 0.0194627 ,
        0.01953959],
       [0.01964034, 0.01966839, 0.01927629, ..., 0.01980301, 0.02006918,
        0.01982225],
       [0.01960033, 0.0195941 , 0.01968212, ..., 0.01956438, 0.01950633,
        0.01956015]], dtype=float32)]",1,0,0,0,0,0,34.568965517241374,81.73793103448276,3.5,6.054278029120672e-05,5000.0,0.00012074588281651366,-232500.0,3.5,-232500.0,5000.0,0.10290757297666278,46512,0.0034467150366,15504,3.0,1.0,1990,0.0,969.0,0.0023669164802,0.0,816.6502026019541,0.6841981410980225,0.33769333362579346,17828,0.27652573585510254,8.802396769169718e-05,6.556510925292969e-07,1.0,24.1997127532959,969.0,0.0023669164802,46512,-0.0008005686686374247,15504,0.0,3.0,0.10023393481969833,816.6427871435968,244800,93024,81600,31008,0,19818,4298.301774722248,17441556.715299215,11130369.939057384,60,50,1.3432322906108837e-05,50.0,-1.2333333333333334,16000,0.26690222222991283,3.081352497818753e-05,27.168093332125434,0.0005231555621838197,20,50,1000,3.0,27.168093332125434,-14.5,0.012819145158088456,17.5,0.0001095678370628833,5.7147124123150486e-05,-1.2333333333333334,3000,1000,3000,-1.2333333333333334,1000,7.200675561917442e-06,1.2719716318345348e-05,1.3002456242609634e-05,2.770034557486273e-06,2.8461191409879175e-06,4.049845271532064e-05,1.568426919286498e-05,8.125574883201086e-06,1.0894474411639277e-05,1.2042308542122903e-05,6.657534466491063e-06,0.004743372873880435,0.0003301874654716812,0.038232429500168655,0.05654485072089592,0.0017105702440137975,0.00112794677693164,9.259249967290089e-05,48.0,46.0,0.0,279072,969.0,93024,1468800,489600,186048,558144,48370.72451315262,0.6841020584106445,0.3462561070919037,0.28392676,8.344650268554688e-07,279072,-0.0005300832563079894,969.0,93024,1.0,48.0,9.388579201186076e-05,46.0,21.28368377685547,7.722083020419813e-06,1.0080482600885923e-05,1.1653647083737462e-05,3.407062488181835e-05,1.4358728879110422e-05,6.409473436629959e-06,1.1714762522752829e-05,2.7271145295040543e-06,2.6560978890995405e-06,6.549225523196095e-06,1.2109943435159174e-05
1,-475000.0,False,4,8097b_00000,2025-08-11_15-25-51,1754918751,19.663076162338257,79.53773045539856,3098,Mac,127.0.0.1,79.53773045539856,4,19.664074114951006,8.724717323901131e-06,19.66393647860062,1.4181943931230494,18.126001321545917,0.0008834634128959151,50,4.839944228196461e-05,100.0,3.0322977813172048e-05,50,5000.0,3.0,27.16809333212661,0.17729801655425287,0.012808732902631164,1.3563947056786697e-05,50.0,14.5,27.16809333212661,2.3000000000000007,0.013784291897800427,-9500.0,-475000.0,-5.5,3547.309117755291,5000.0,5100.0,"[array([[0.0195332 , 0.01995559, 0.01995171, ..., 0.01980196, 0.01906097,
        0.01933022],
       [0.01940497, 0.02053502, 0.02052444, ..., 0.02011938, 0.01818833,
        0.018876  ],
       [0.01940616, 0.0205297 , 0.02051919, ..., 0.0201165 , 0.01819612,
        0.01888012],
       ...,
       [0.01945206, 0.02032468, 0.02031657, ..., 0.02000501, 0.01849969,
        0.01903969],
       [0.01967164, 0.01930369, 0.019307  , ..., 0.01943581, 0.02010116,
        0.01985384],
       [0.01959338, 0.01967589, 0.01967514, ..., 0.01964604, 0.01949941,
        0.01955321]], dtype=float32), array([[0.02111803, 0.0203027 , 0.01903867, ..., 0.01864545, 0.01934605,
        0.0185887 ],
       [0.02051143, 0.02002838, 0.01926405, ..., 0.01902223, 0.01945171,
        0.01898716],
       [0.01955055, 0.01958068, 0.01962998, ..., 0.01964601, 0.01961768,
        0.01964835],
       ...,
       [0.01924633, 0.01943543, 0.01974818, ..., 0.01985079, 0.01966979,
        0.01986582],
       [0.01978657, 0.01969219, 0.01953906, ..., 0.0194896 , 0.0195771 ,
        0.01948239],
       [0.0192022 , 0.01941422, 0.01976541, ..., 0.01988079, 0.01967732,
        0.0198977 ]], dtype=float32), array([[0.01952441, 0.01949286, 0.01948907, ..., 0.01934279, 0.01949588,
        0.01977127],
       [0.01953492, 0.01950728, 0.01950395, ..., 0.01937571, 0.01950992,
        0.01975103],
       [0.01953618, 0.01950901, 0.01950574, ..., 0.01937968, 0.01951161,
        0.01974859],
       ...,
       [0.01958463, 0.01957573, 0.01957466, ..., 0.01953325, 0.01957658,
        0.01965392],
       [0.01953391, 0.0195059 , 0.01950253, ..., 0.01937256, 0.01950858,
        0.01975296],
       [0.01944152, 0.0193798 , 0.01937238, ..., 0.01908747, 0.01938569,
        0.01992788]], dtype=float32), array([[0.01953313, 0.01950157, 0.01995164, ..., 0.01935143, 0.0190609 ,
        0.01933015],
       [0.01954257, 0.01951492, 0.01990872, ..., 0.0193833 , 0.01912824,
        0.01936463],
       [0.01940569, 0.01932333, 0.0205187 , ..., 0.0189344 , 0.01819568,
        0.01887967],
       ...,
       [0.01958711, 0.01957821, 0.01970417, ..., 0.01953572, 0.01945283,
        0.01952968],
       [0.01967159, 0.01969968, 0.01930695, ..., 0.01983451, 0.0201011 ,
        0.01985379],
       [0.01959337, 0.01958715, 0.01967514, ..., 0.01955744, 0.01949941,
        0.01955321]], dtype=float32), array([[0.02124984, 0.01916784, 0.01915751, ..., 0.01876183, 0.02074807,
        0.01993583],
       [0.01955434, 0.01962243, 0.01962278, ..., 0.01963659, 0.0195701 ,
        0.01959646],
       [0.01954577, 0.01962476, 0.01962518, ..., 0.01964121, 0.01956405,
        0.01959463],
       ...,
       [0.01921645, 0.01971488, 0.01971752, ..., 0.01981998, 0.01933083,
        0.01952349],
       [0.02084674, 0.01927452, 0.01926661, ..., 0.01896325, 0.02047134,
        0.01985901],
       [0.02018687, 0.01945102, 0.01944724, ..., 0.01930164, 0.0200139 ,
        0.01972814]], dtype=float32), array([[0.01952423, 0.01994643, 0.01994254, ..., 0.01979286, 0.01905221,
        0.01932134],
       [0.01938068, 0.02050932, 0.02049876, ..., 0.0200942 , 0.01816557,
        0.01885238],
       [0.01938202, 0.02050417, 0.02049367, ..., 0.02009148, 0.01817348,
        0.01885664],
       ...,
       [0.01943338, 0.02030517, 0.02029706, ..., 0.01998581, 0.01848193,
        0.01902141],
       [0.01967935, 0.01931125, 0.01931457, ..., 0.01944343, 0.02010903,
        0.01986162],
       [0.01959164, 0.01967414, 0.01967339, ..., 0.0196443 , 0.01949768,
        0.01955147]], dtype=float32), array([[0.01952441, 0.01949286, 0.01948907, ..., 0.01934279, 0.01949588,
        0.01977127],
       [0.01953492, 0.01950728, 0.01950395, ..., 0.01937571, 0.01950992,
        0.01975103],
       [0.01953618, 0.01950901, 0.01950574, ..., 0.01937968, 0.01951161,
        0.01974859],
       ...,
       [0.01958463, 0.01957573, 0.01957466, ..., 0.01953325, 0.01957658,
        0.01965392],
       [0.01953391, 0.0195059 , 0.01950253, ..., 0.01937256, 0.01950858,
        0.01975296],
       [0.01944152, 0.0193798 , 0.01937238, ..., 0.01908747, 0.01938569,
        0.01992788]], dtype=float32), array([[0.01949788, 0.01946639, 0.0194626 , ..., 0.01931651, 0.01902651,
        0.01929527],
       [0.01951169, 0.01948408, 0.01948076, ..., 0.01935267, 0.01909802,
        0.01933403],
       [0.01951335, 0.01948621, 0.01948295, ..., 0.01935703, 0.01910665,
        0.0193387 ],
       ...,
       [0.01957717, 0.01956828, 0.0195672 , ..., 0.01952581, 0.01944296,
        0.01951977],
       [0.01970292, 0.01973106, 0.01973445, ..., 0.01986611, 0.02013312,
        0.01988542],
       [0.01958643, 0.01958021, 0.01957946, ..., 0.01955051, 0.0194925 ,
        0.01954628]], dtype=float32), array([[0.01950679, 0.01947528, 0.01992474, ..., 0.01932534, 0.01947829,
        0.01975344],
       [0.01951948, 0.01949187, 0.0198852 , ..., 0.0193604 , 0.01949451,
        0.01973542],
       [0.01933728, 0.0192552 , 0.02044636, ..., 0.01886765, 0.01926304,
        0.01998715],
       ...,
       [0.01957966, 0.01957077, 0.01969668, ..., 0.0195283 , 0.01957162,
        0.01964894],
       [0.01951827, 0.01949028, 0.01988898, ..., 0.01935705, 0.01949296,
        0.01973714],
       [0.01940702, 0.01934541, 0.02023319, ..., 0.01905361, 0.0193513 ,
        0.01989252]], dtype=float32), array([[0.01953312, 0.01995552, 0.01949777, ..., 0.01980188, 0.01906089,
        0.01933014],
       [0.01940444, 0.02053446, 0.01931166, ..., 0.02011883, 0.01818784,
        0.01887549],
       [0.01954369, 0.01990688, 0.01951325, ..., 0.0197749 , 0.01913636,
        0.01936878],
       ...,
       [0.01945174, 0.02032435, 0.0193796 , ..., 0.02000469, 0.01849939,
        0.01903939],
       [0.01967158, 0.01930363, 0.01970305, ..., 0.01943575, 0.02010109,
        0.01985378],
       [0.01959337, 0.01967589, 0.0195864 , ..., 0.01964604, 0.01949941,
        0.01955321]], dtype=float32), array([[0.02141337, 0.01931535, 0.01930494, ..., 0.02015058, 0.01961662,
        0.01884867],
       [0.0195494 , 0.01961747, 0.01961783, ..., 0.0195895 , 0.01960724,
        0.01963365],
       [0.01954004, 0.01961901, 0.01961943, ..., 0.01958655, 0.01960714,
        0.01963779],
       ...,
       [0.02029653, 0.01949516, 0.01949105, ..., 0.01982025, 0.01961339,
        0.01930977],
       [0.01981968, 0.01957303, 0.01957175, ..., 0.01967392, 0.01960986,
        0.01951498],
       [0.01912893, 0.01968703, 0.01969   , ..., 0.01945597, 0.01960224,
        0.01982178]], dtype=float32), array([[0.02135772, 0.01926515, 0.02052207, ..., 0.02009821, 0.01956563,
        0.01879968],
       [0.01955104, 0.01961912, 0.01957737, ..., 0.01959114, 0.01960889,
        0.0196353 ],
       [0.02064233, 0.01940413, 0.02015396, ..., 0.01990321, 0.01958513,
        0.01912152],
       ...,
       [0.0202764 , 0.01947582, 0.0199627 , ..., 0.0198006 , 0.01959394,
        0.01929062],
       [0.01981363, 0.01956706, 0.01971783, ..., 0.01966792, 0.01960387,
        0.01950903],
       [0.01914212, 0.01970061, 0.01935639, ..., 0.01946938, 0.01961575,
        0.01983545]], dtype=float32), array([[0.01948928, 0.01991072, 0.01990684, ..., 0.01930799, 0.0194608 ,
        0.0197357 ],
       [0.01929014, 0.02041351, 0.02040299, ..., 0.01881902, 0.01921566,
        0.01994218],
       [0.01929198, 0.02040891, 0.02039846, ..., 0.01882345, 0.01921791,
        0.01994033],
       ...,
       [0.0195747 , 0.01969277, 0.01969169, ..., 0.01952335, 0.01956666,
        0.01964396],
       [0.01950271, 0.01987655, 0.01987312, ..., 0.01934161, 0.01947741,
        0.01972141],
       [0.01937292, 0.02020537, 0.02019763, ..., 0.01902013, 0.0193173 ,
        0.01985757]], dtype=float32), array([[0.01956892, 0.01953731, 0.0195335 , ..., 0.01938689, 0.01954033,
        0.01981635],
       [0.01957386, 0.01954617, 0.01954284, ..., 0.01941434, 0.01954882,
        0.0197904 ],
       [0.01957445, 0.01954724, 0.01954396, ..., 0.01941765, 0.01954984,
        0.01978728],
       ...,
       [0.01959709, 0.01958818, 0.01958711, ..., 0.01954567, 0.01958903,
        0.01966642],
       [0.01957339, 0.01954532, 0.01954195, ..., 0.01941171, 0.01954801,
        0.01979289],
       [0.01952957, 0.01946757, 0.01946012, ..., 0.01917392, 0.01947349,
        0.02001814]], dtype=float32), array([[0.01950679, 0.01947528, 0.01992474, ..., 0.01932534, 0.01947829,
        0.01975344],
       [0.01951948, 0.01949187, 0.0198852 , ..., 0.0193604 , 0.01949451,
        0.01973542],
       [0.01933728, 0.0192552 , 0.02044636, ..., 0.01886765, 0.01926304,
        0.01998715],
       ...,
       [0.01957966, 0.01957077, 0.01969668, ..., 0.0195283 , 0.01957162,
        0.01964894],
       [0.01951827, 0.01949028, 0.01988898, ..., 0.01935705, 0.01949296,
        0.01973714],
       [0.01940702, 0.01934541, 0.02023319, ..., 0.01905361, 0.0193513 ,
        0.01989252]], dtype=float32), array([[0.01955965, 0.01998262, 0.01952425, ..., 0.01937771, 0.01908678,
        0.01935639],
       [0.01947453, 0.02060863, 0.01938142, ..., 0.01899891, 0.01825354,
        0.01894367],
       [0.01956653, 0.01993014, 0.01953604, ..., 0.01940978, 0.01915872,
        0.01939141],
       ...,
       [0.01959457, 0.01971276, 0.01958459, ..., 0.01954316, 0.01946024,
        0.01953712],
       [0.01964815, 0.01928064, 0.01967959, ..., 0.01981089, 0.02007716,
        0.01983014],
       [0.01959859, 0.01968113, 0.01959161, ..., 0.01956264, 0.0195046 ,
        0.01955841]], dtype=float32)]",1,0,0,0,0,0,31.164285714285715,81.20357142857142,2.3000000000000007,5.8144709117689235e-05,5000.0,0.00011512391228359299,-475000.0,2.3000000000000007,-475000.0,5000.0,0.10290807932639612,62016,0.0034467150366,15504,4.0,1.0,1990,0.0,969.0,0.0023669164802,0.0,817.9224107686096,0.6856189370155334,0.33710578083992004,17828,0.27655699849128723,6.200681673362851e-05,6.556510925292969e-07,1.0,24.18329620361328,969.0,0.0023669164802,62016,-0.00026922576944343746,15504,0.0,4.0,0.05011696740984917,817.9153704135557,326400,124032,81600,31008,0,19818,4304.991331702777,17146765.717350286,11180711.719211321,80,50,1.3400112869565574e-05,50.0,0.1,21000,0.26687513792773887,3.0732858799834235e-05,27.168093332126602,0.0005188335862469394,20,50,1000,4.0,27.168093332126602,-14.5,0.012768859895004425,17.5,0.00011043462020784207,5.696191724911396e-05,0.1,4000,1000,4000,0.1,1000,6.838771865124303e-06,1.2194179233096632e-05,1.2213067758342253e-05,2.7056448292681904e-06,2.754741035557918e-06,3.763759558673568e-05,1.4848875621659841e-05,7.849117227212582e-06,1.0584560353205188e-05,1.1741885122664398e-05,6.419839751336457e-06,0.0047404670651046334,0.0003302418410527753,0.03823673229463201,0.056547433053472894,0.0017078407919021556,0.001127974399916013,9.225198425597045e-05,64.0,61.0,0.0,372096,969.0,93024,1958400,489600,186048,744192,47748.94846812919,0.6855318546295166,0.3489167094230652,0.28608906,6.556510925292969e-07,372096,-0.0005340976640582085,969.0,93024,1.0,64.0,5.9067944675916806e-05,61.0,23.311304092407227,7.740080797681273e-06,1.0116899679948792e-05,1.1675545097882224e-05,3.450049537259229e-05,1.4426457142207068e-05,6.369652899028611e-06,1.1750974034496146e-05,2.7202041508165786e-06,2.6600587483054575e-06,6.510153448922907e-06,1.1992068981489725e-05
1,-717500.0,False,5,8097b_00000,2025-08-11_15-26-11,1754918771,19.480499267578125,99.01822972297668,3098,Mac,127.0.0.1,99.01822972297668,5,19.659486019221685,8.698300648776347e-06,19.659347904234647,1.4178691587715233,18.121702368740124,0.0008831979487893393,50,4.300730288329057e-05,100.0,3.035726851178136e-05,50,5000.0,4.0,27.16809333212661,0.18136483038087206,0.012840110879624262,1.3633697489133356e-05,50.0,14.5,27.16809333212661,2.5,0.013505169427322692,-14350.0,-717500.0,-5.5,3578.4686393698416,5000.0,5100.0,"[array([[0.0211983 , 0.01912136, 0.01911105, ..., 0.0199482 , 0.0194196 ,
        0.01865936],
       [0.01955599, 0.01962408, 0.01962444, ..., 0.0195961 , 0.01961385,
        0.01964027],
       [0.01954768, 0.01962668, 0.0196271 , ..., 0.01959421, 0.0196148 ,
        0.01964547],
       ...,
       [0.02021711, 0.01941886, 0.01941477, ..., 0.01974269, 0.01953663,
        0.0192342 ],
       [0.0197956 , 0.01954925, 0.01954797, ..., 0.01965001, 0.01958603,
        0.01949127],
       [0.0191822 , 0.01974186, 0.01974483, ..., 0.01951015, 0.01965683,
        0.01987698]], dtype=float32), array([[0.01952442, 0.01994663, 0.01948909, ..., 0.01934281, 0.0194959 ,
        0.01977129],
       [0.01938205, 0.02051077, 0.01928938, ..., 0.01890869, 0.01930722,
        0.02003719],
       [0.01953619, 0.01989923, 0.01950575, ..., 0.01937969, 0.01951162,
        0.0197486 ],
       ...,
       [0.01958463, 0.01970276, 0.01957466, ..., 0.01953325, 0.01957658,
        0.01965393],
       [0.01953392, 0.01990837, 0.01950254, ..., 0.01937257, 0.01950859,
        0.01975298],
       [0.01944157, 0.02027697, 0.01937243, ..., 0.01908753, 0.01938575,
        0.01992794]], dtype=float32), array([[0.01957747, 0.01954584, 0.01954204, ..., 0.01939536, 0.01910417,
        0.01937403],
       [0.01958138, 0.01955368, 0.01955034, ..., 0.0194218 , 0.01916623,
        0.01940309],
       [0.01958185, 0.01955462, 0.01955134, ..., 0.01942498, 0.01917372,
        0.01940659],
       ...,
       [0.01959955, 0.01959065, 0.01958958, ..., 0.01954813, 0.01946519,
        0.01954209],
       [0.01963264, 0.01966067, 0.01966405, ..., 0.01979524, 0.0200613 ,
        0.01981448],
       [0.01960207, 0.01959584, 0.01959509, ..., 0.01956611, 0.01950806,
        0.01956189]], dtype=float32), array([[0.01955109, 0.01951951, 0.01951571, ..., 0.01936923, 0.01952253,
        0.0197983 ],
       [0.01955827, 0.0195306 , 0.01952727, ..., 0.01939887, 0.01953324,
        0.01977464],
       [0.01955913, 0.01953193, 0.01952866, ..., 0.01940244, 0.01953453,
        0.01977178],
       ...,
       [0.0195921 , 0.0195832 , 0.01958213, ..., 0.0195407 , 0.01958405,
        0.01966142],
       [0.01955758, 0.01952954, 0.01952616, ..., 0.01939603, 0.01953222,
        0.0197769 ],
       [0.01949426, 0.01943238, 0.01942494, ..., 0.01913926, 0.01943829,
        0.01998195]], dtype=float32), array([[0.021277  , 0.02045553, 0.0204445 , ..., 0.02002225, 0.01949168,
        0.01872863],
       [0.02060476, 0.02011951, 0.02011294, ..., 0.01986046, 0.01954022,
        0.01907355],
       [0.02059567, 0.02011491, 0.02010841, ..., 0.01985822, 0.01954086,
        0.01907829],
       ...,
       [0.02024661, 0.01993756, 0.01993336, ..., 0.0197715 , 0.01956514,
        0.01926227],
       [0.0198046 , 0.01971013, 0.01970884, ..., 0.01965895, 0.01959494,
        0.01950014],
       [0.01916209, 0.01937367, 0.01937658, ..., 0.01948969, 0.01963622,
        0.01985614]], dtype=float32), array([[0.02146522, 0.01936212, 0.01935168, ..., 0.018952  , 0.01966411,
        0.01889431],
       [0.01954775, 0.01961581, 0.01961617, ..., 0.01962998, 0.01960558,
        0.01963199],
       [0.01953813, 0.01961709, 0.01961751, ..., 0.01963353, 0.01960522,
        0.01963587],
       ...,
       [0.0191689 , 0.0196661 , 0.01966873, ..., 0.01977094, 0.01959066,
        0.01978591],
       [0.01982567, 0.01957895, 0.01957767, ..., 0.01952811, 0.01961579,
        0.01952088],
       [0.01911549, 0.01967319, 0.01967615, ..., 0.01979101, 0.01958846,
        0.01980784]], dtype=float32), array([[0.02151948, 0.02068866, 0.0194006 , ..., 0.02025043, 0.01971382,
        0.01894207],
       [0.02074617, 0.02025759, 0.01948452, ..., 0.01999677, 0.01967433,
        0.01920446],
       [0.01953622, 0.01956633, 0.01961559, ..., 0.01958272, 0.0196033 ,
        0.01963395],
       ...,
       [0.02033604, 0.02002563, 0.01952899, ..., 0.01985884, 0.01965157,
        0.01934736],
       [0.0198317 , 0.0197371 , 0.01958362, ..., 0.01968585, 0.01962175,
        0.01952682],
       [0.0191022 , 0.01931312, 0.01966248, ..., 0.01942878, 0.01957485,
        0.01979408]], dtype=float32), array([[0.02127533, 0.02045394, 0.02044291, ..., 0.01878434, 0.02077296,
        0.01995974],
       [0.02060417, 0.02011893, 0.02011236, ..., 0.01910823, 0.02030829,
        0.01982328],
       [0.02059509, 0.02011435, 0.02010784, ..., 0.01911268, 0.02030197,
        0.01982138],
       ...,
       [0.01921043, 0.01939918, 0.01940178, ..., 0.01981377, 0.01932477,
        0.01951737],
       [0.02086595, 0.02025046, 0.02024216, ..., 0.01898073, 0.0204902 ,
        0.01987731],
       [0.02019583, 0.0199115 , 0.01990763, ..., 0.0193102 , 0.02002278,
        0.0197369 ]], dtype=float32), array([[0.01947161, 0.01944015, 0.0198888 , ..., 0.01929048, 0.01944316,
        0.01971781],
       [0.01948865, 0.01946108, 0.01985379, ..., 0.01932982, 0.01946372,
        0.01970425],
       [0.01924563, 0.01916395, 0.02034946, ..., 0.01877823, 0.01917175,
        0.01989242],
       ...,
       [0.01956973, 0.01956084, 0.01968669, ..., 0.01951839, 0.01956169,
        0.01963897],
       [0.01948702, 0.01945908, 0.01985714, ..., 0.01932606, 0.01946175,
        0.01970555],
       [0.01933823, 0.01927684, 0.02016147, ..., 0.01898607, 0.01928271,
        0.01982201]], dtype=float32), array([[0.02122444, 0.02040501, 0.01913461, ..., 0.01873941, 0.02072327,
        0.019912  ],
       [0.0205738 , 0.02008928, 0.01932263, ..., 0.01908007, 0.02027836,
        0.01979407],
       [0.01954672, 0.01957685, 0.01962614, ..., 0.01964217, 0.019565  ,
        0.01959559],
       ...,
       [0.01922248, 0.01941135, 0.01972371, ..., 0.0198262 , 0.01933689,
        0.01952961],
       [0.02082758, 0.02021323, 0.01924891, ..., 0.01894583, 0.02045253,
        0.01984076],
       [0.02017793, 0.01989385, 0.01943863, ..., 0.01929308, 0.02000504,
        0.01971941]], dtype=float32), array([[0.01952423, 0.01994643, 0.01994255, ..., 0.01934262, 0.01905222,
        0.01932134],
       [0.01938074, 0.02050938, 0.02049882, ..., 0.01890741, 0.01816563,
        0.01885244],
       [0.01938208, 0.02050423, 0.02049373, ..., 0.01891136, 0.01817354,
        0.01885669],
       ...,
       [0.01958462, 0.01970275, 0.01970167, ..., 0.01953324, 0.01945036,
        0.0195272 ],
       [0.01967935, 0.01931126, 0.01931457, ..., 0.01984235, 0.02010904,
        0.01986163],
       [0.01959164, 0.01967414, 0.01967339, ..., 0.0195557 , 0.01949768,
        0.01955147]], dtype=float32), array([[0.01947161, 0.01944015, 0.0198888 , ..., 0.01929048, 0.01944316,
        0.01971781],
       [0.01948865, 0.01946108, 0.01985379, ..., 0.01932982, 0.01946372,
        0.01970425],
       [0.01924563, 0.01916395, 0.02034946, ..., 0.01877823, 0.01917175,
        0.01989242],
       ...,
       [0.01956973, 0.01956084, 0.01968669, ..., 0.01951839, 0.01956169,
        0.01963897],
       [0.01948702, 0.01945908, 0.01985714, ..., 0.01932606, 0.01946175,
        0.01970555],
       [0.01933823, 0.01927684, 0.02016147, ..., 0.01898607, 0.01928271,
        0.01982201]], dtype=float32), array([[0.02130379, 0.01921651, 0.02047025, ..., 0.01880946, 0.02080074,
        0.01998644],
       [0.01955269, 0.01962077, 0.01957902, ..., 0.01963494, 0.01956845,
        0.01959481],
       [0.02061118, 0.01937486, 0.02012355, ..., 0.01912761, 0.02031783,
        0.01983687],
       ...,
       [0.01920457, 0.01970269, 0.01939586, ..., 0.01980772, 0.01931887,
        0.01951141],
       [0.02088684, 0.01931159, 0.02026242, ..., 0.01899973, 0.02051072,
        0.01989721],
       [0.02020515, 0.01946863, 0.01991682, ..., 0.01931911, 0.02003202,
        0.01974601]], dtype=float32), array([[0.01948057, 0.0194491 , 0.01944532, ..., 0.01974861, 0.01945211,
        0.01972689],
       [0.01949649, 0.0194689 , 0.01946559, ..., 0.01973118, 0.01947154,
        0.01971217],
       [0.0194984 , 0.01947129, 0.01946803, ..., 0.01972908, 0.01947388,
        0.0197104 ],
       ...,
       [0.01934511, 0.01928106, 0.01927336, ..., 0.01989502, 0.01928718,
        0.01985017],
       [0.01949497, 0.01946701, 0.01946365, ..., 0.01973285, 0.01946969,
        0.01971358],
       [0.01935608, 0.01929463, 0.01928725, ..., 0.01988329, 0.01930051,
        0.01984031]], dtype=float32), array([[0.01954194, 0.01951037, 0.01950658, ..., 0.01981082, 0.0190695 ,
        0.01933887],
       [0.01955029, 0.01952263, 0.0195193 , ..., 0.01978562, 0.0191358 ,
        0.01937228],
       [0.01955129, 0.0195241 , 0.01952083, ..., 0.01978259, 0.0191438 ,
        0.0193763 ],
       ...,
       [0.01946978, 0.01940531, 0.01939756, ..., 0.02002324, 0.01851654,
        0.01905704],
       [0.01966375, 0.01969183, 0.01969522, ..., 0.01942802, 0.0200931 ,
        0.01984588],
       [0.01959511, 0.01958889, 0.01958814, ..., 0.01964778, 0.01950114,
        0.01955494]], dtype=float32), array([[0.02149072, 0.01938513, 0.01937467, ..., 0.01897451, 0.01968748,
        0.01891676],
       [0.01954693, 0.01961499, 0.01961534, ..., 0.01962915, 0.01960476,
        0.01963117],
       [0.01953717, 0.01961613, 0.01961655, ..., 0.01963257, 0.01960426,
        0.01963491],
       ...,
       [0.01916288, 0.01965992, 0.01966256, ..., 0.01976473, 0.0195845 ,
        0.01977969],
       [0.01982867, 0.01958191, 0.01958062, ..., 0.01953106, 0.01961875,
        0.01952383],
       [0.01910873, 0.01966624, 0.0196692 , ..., 0.01978402, 0.01958154,
        0.01980085]], dtype=float32)]",1,0,0,0,0,0,34.41851851851852,81.49629629629628,2.5,5.824345580655345e-05,5000.0,0.00011531626469832177,-717500.0,2.5,-717500.0,5000.0,0.10290948728309819,77520,0.0034467150366,15504,5.0,1.0,1990,0.0,969.0,0.0023669164802,0.0,819.4745949557948,0.6862918734550476,0.3343702554702759,17828,0.27455198764801025,1.7176122128148563e-05,6.556510925292969e-07,1.0,23.745281219482422,969.0,0.0023669164802,77520,-7.804067536199e-06,15504,0.0,5.0,0.025058483704924583,819.4679398698721,408000,155040,81600,31008,0,19818,4313.154434655839,16870620.34523784,11235179.48548001,100,50,1.3304766953087405e-05,50.0,0.9,26000,0.26685474571887785,3.092545792293025e-05,27.168093332126602,0.0005170373297638795,20,50,1000,5.0,27.168093332126602,-16.5,0.01273465875769034,17.5,0.00010951549320032945,5.663559932629898e-05,0.9,5000,1000,5000,0.9,1000,6.8555007523283684e-06,1.227172577473895e-05,1.2208574007885596e-05,2.694418004575758e-06,2.766443227087069e-06,3.755146253203146e-05,1.4947216779223374e-05,7.901443260926766e-06,1.061998252220665e-05,1.1763328470350123e-05,6.476264030933828e-06,0.004737960314905646,0.0003305956728341,0.03824133872153191,0.056549276223182995,0.0017050340537714203,0.001128627985432012,9.18757153714064e-05,80.0,76.0,0.0,465120,969.0,93024,2448000,489600,186048,930240,47134.99928208129,0.686292827129364,0.35155126452445984,0.28857282,5.960464477539062e-07,465120,-0.00019002161570824683,969.0,93024,1.0,80.0,1.5950794477248564e-05,76.0,25.324975967407227,7.668276821615347e-06,9.977637228837747e-06,1.1496022085693739e-05,3.457918808969181e-05,1.4327990372145868e-05,6.401502541082978e-06,1.170510153549096e-05,2.7117440241347505e-06,2.608970383406589e-06,6.502921986404929e-06,1.1983894472654125e-05
1,-960000.0,False,6,8097b_00000,2025-08-11_15-26-31,1754918791,19.631770133972168,118.64999985694885,3098,Mac,127.0.0.1,118.64999985694885,6,19.656427789449015,8.670067798601765e-06,19.656289252282637,1.417540300103467,18.11892699547315,0.0008834413888130919,50,4.20893837851264e-05,100.0,3.080417698584775e-05,50,5000.0,5.0,27.16809333212661,0.1816829374964091,0.012844286656472834,1.3583504287017814e-05,50.0,14.5,27.16809333212661,4.5,0.013400458142753084,-19200.0,-960000.0,-5.5,3582.2295880279826,5000.0,5100.0,"[array([[0.01955984, 0.01952824, 0.01952444, ..., 0.01937789, 0.01953126,
        0.01980715],
       [0.01956593, 0.01953825, 0.01953492, ..., 0.01940648, 0.0195409 ,
        0.01978239],
       [0.01956667, 0.01953946, 0.01953619, ..., 0.01940992, 0.01954206,
        0.01977941],
       ...,
       [0.01959458, 0.01958568, 0.01958461, ..., 0.01954318, 0.01958653,
        0.01966391],
       [0.01956536, 0.0195373 , 0.01953392, ..., 0.01940374, 0.01953998,
        0.01978476],
       [0.01951126, 0.01944932, 0.01944187, ..., 0.01915595, 0.01945524,
        0.01999937]], dtype=float32), array([[0.01952456, 0.01949301, 0.01994288, ..., 0.01934294, 0.01949603,
        0.01977143],
       [0.01953503, 0.01950739, 0.01990104, ..., 0.01937582, 0.01951004,
        0.01975114],
       [0.01938428, 0.019302  , 0.02049605, ..., 0.01891351, 0.01930986,
        0.02003573],
       ...,
       [0.01958464, 0.01957574, 0.0197017 , ..., 0.01953326, 0.0195766 ,
        0.01965393],
       [0.01953403, 0.01950602, 0.01990504, ..., 0.01937267, 0.0195087 ,
        0.01975308],
       [0.01944208, 0.01938036, 0.02026973, ..., 0.01908802, 0.01938625,
        0.01992846]], dtype=float32), array([[0.02119823, 0.01912129, 0.02036882, ..., 0.01994813, 0.02069768,
        0.01988741],
       [0.01955599, 0.01962408, 0.01958232, ..., 0.0195961 , 0.01957175,
        0.01959811],
       [0.0205497 , 0.01931706, 0.02006352, ..., 0.0198139 , 0.02025722,
        0.01977769],
       ...,
       [0.0202171 , 0.01941885, 0.0199043 , ..., 0.01974268, 0.02002924,
        0.01971918],
       [0.02080796, 0.01923867, 0.02018591, ..., 0.01986808, 0.02043326,
        0.01982207],
       [0.02016888, 0.01943369, 0.01988107, ..., 0.01973222, 0.01999607,
        0.01971057]], dtype=float32), array([[0.01948902, 0.01945754, 0.01990659, ..., 0.01930774, 0.01901786,
        0.0192865 ],
       [0.01950393, 0.01947634, 0.01986935, ..., 0.01934498, 0.01909043,
        0.01932634],
       [0.01929027, 0.01920839, 0.02039665, ..., 0.01882178, 0.01808745,
        0.01876737],
       ...,
       [0.01957469, 0.01956579, 0.01969168, ..., 0.01952333, 0.01944049,
        0.01951729],
       [0.01971072, 0.01973887, 0.01934536, ..., 0.01987397, 0.02014109,
        0.01989328],
       [0.01958469, 0.01957847, 0.01966642, ..., 0.01954877, 0.01949077,
        0.01954454]], dtype=float32), array([[0.02130451, 0.02048199, 0.02047094, ..., 0.02004814, 0.01951689,
        0.01875285],
       [0.02062067, 0.02013505, 0.02012847, ..., 0.0198758 , 0.01955531,
        0.01908828],
       [0.02061143, 0.02013031, 0.0201238 , ..., 0.01987342, 0.01955581,
        0.0190929 ],
       ...,
       [0.02025663, 0.01994742, 0.01994322, ..., 0.01978128, 0.01957482,
        0.0192718 ],
       [0.01980762, 0.01971314, 0.01971185, ..., 0.01966195, 0.01959793,
        0.01950311],
       [0.01915548, 0.01936698, 0.01936989, ..., 0.01948296, 0.01962944,
        0.01984928]], dtype=float32), array([[0.02125039, 0.02042996, 0.01915801, ..., 0.01876232, 0.02074861,
        0.01993635],
       [0.02058917, 0.02010428, 0.01933706, ..., 0.01909432, 0.0202935 ,
        0.01980885],
       [0.01954577, 0.01957589, 0.01962518, ..., 0.01964121, 0.01956405,
        0.01959463],
       ...,
       [0.01921648, 0.0194053 , 0.01971755, ..., 0.01982001, 0.01933086,
        0.01952352],
       [0.02084705, 0.02023212, 0.0192669 , ..., 0.01896354, 0.02047165,
        0.01985931],
       [0.02018694, 0.01990274, 0.01944731, ..., 0.0193017 , 0.02001397,
        0.01972821]], dtype=float32), array([[0.02124968, 0.02042928, 0.02041826, ..., 0.01999655, 0.02074792,
        0.01993568],
       [0.02058892, 0.02010404, 0.02009747, ..., 0.01984519, 0.02029326,
        0.01980861],
       [0.02057998, 0.02009959, 0.02009309, ..., 0.0198431 , 0.02028707,
        0.01980684],
       ...,
       [0.02023662, 0.01992772, 0.01992352, ..., 0.01976174, 0.02004858,
        0.01973822],
       [0.02084665, 0.02023173, 0.02022344, ..., 0.01990501, 0.02047125,
        0.01985892],
       [0.02018685, 0.01990265, 0.01989879, ..., 0.0197498 , 0.02001389,
        0.01972813]], dtype=float32), array([[0.01953318, 0.01950162, 0.01949782, ..., 0.01935148, 0.01906095,
        0.0193302 ],
       [0.0195426 , 0.01951496, 0.01951163, ..., 0.01938334, 0.01912828,
        0.01936467],
       [0.01954374, 0.01951656, 0.01951329, ..., 0.01938717, 0.0191364 ,
        0.01936882],
       ...,
       [0.01958711, 0.01957821, 0.01957714, ..., 0.01953572, 0.01945283,
        0.01952968],
       [0.01967162, 0.01969972, 0.0197031 , ..., 0.01983455, 0.02010114,
        0.01985383],
       [0.01959338, 0.01958716, 0.01958641, ..., 0.01955744, 0.01949941,
        0.01955321]], dtype=float32), array([[0.01954187, 0.01996445, 0.01996057, ..., 0.01981075, 0.01906943,
        0.0193388 ],
       [0.01942714, 0.02055848, 0.0205479 , ..., 0.02014237, 0.01820912,
        0.01889758],
       [0.01942822, 0.02055304, 0.02054251, ..., 0.02013937, 0.0182168 ,
        0.01890158],
       ...,
       [0.01946947, 0.02034287, 0.02033475, ..., 0.02002292, 0.01851625,
        0.01905673],
       [0.0196637 , 0.01929589, 0.01929921, ..., 0.01942796, 0.02009304,
        0.01984582],
       [0.01959511, 0.01967763, 0.01967688, ..., 0.01964778, 0.01950113,
        0.01955494]], dtype=float32), array([[0.02125044, 0.02043001, 0.02041899, ..., 0.01999726, 0.01946736,
        0.01870525],
       [0.02058918, 0.02010429, 0.02009773, ..., 0.01984544, 0.01952545,
        0.01905913],
       [0.02058024, 0.02009984, 0.02009334, ..., 0.01984335, 0.01952622,
        0.019064  ],
       ...,
       [0.02023673, 0.01992783, 0.01992363, ..., 0.01976185, 0.01955559,
        0.01925287],
       [0.0198016 , 0.01970714, 0.01970585, ..., 0.01965597, 0.01959196,
        0.01949718],
       [0.01916877, 0.01938042, 0.01938334, ..., 0.01949649, 0.01964307,
        0.01986306]], dtype=float32), array([[0.01953333, 0.01950177, 0.01995184, ..., 0.01935163, 0.01950479,
        0.01978031],
       [0.01954272, 0.01951507, 0.01990887, ..., 0.01938345, 0.01951772,
        0.01975892],
       [0.01940706, 0.01932469, 0.02052015, ..., 0.01893574, 0.01933256,
        0.02005928],
       ...,
       [0.01958713, 0.01957823, 0.01970419, ..., 0.01953574, 0.01957908,
        0.01965643],
       [0.01954182, 0.0195138 , 0.01991298, ..., 0.01938041, 0.01951648,
        0.01976097],
       [0.0194592 , 0.01939743, 0.02028759, ..., 0.01910484, 0.01940333,
        0.01994601]], dtype=float32), array([[0.01950685, 0.01992868, 0.0199248 , ..., 0.01977525, 0.01947835,
        0.0197535 ],
       [0.01933612, 0.02046217, 0.02045163, ..., 0.020048  , 0.01926147,
        0.01998972],
       [0.0193377 , 0.02045728, 0.02044681, ..., 0.02004554, 0.01926346,
        0.01998759],
       ...,
       [0.01939844, 0.02026866, 0.02026057, ..., 0.01994988, 0.01934035,
        0.01990489],
       [0.01951832, 0.01989246, 0.01988903, ..., 0.01975648, 0.019493  ,
        0.01973719],
       [0.01940726, 0.02024118, 0.02023343, ..., 0.01993587, 0.01935154,
        0.01989277]], dtype=float32), array([[0.0195598 , 0.0195282 , 0.0195244 , ..., 0.01982893, 0.01908693,
        0.01935655],
       [0.01956591, 0.01953823, 0.0195349 , ..., 0.01980143, 0.01915109,
        0.01938776],
       [0.01956664, 0.01953943, 0.01953616, ..., 0.01979812, 0.01915883,
        0.01939152],
       ...,
       [0.01950675, 0.01944216, 0.0194344 , ..., 0.02006126, 0.01855171,
        0.01909323],
       [0.01964827, 0.01967633, 0.01967971, ..., 0.01941272, 0.02007728,
        0.01983025],
       [0.01959859, 0.01959237, 0.01959162, ..., 0.01965127, 0.0195046 ,
        0.01955842]], dtype=float32), array([[0.02135695, 0.02053241, 0.02052133, ..., 0.02009749, 0.02085265,
        0.02003632],
       [0.02065159, 0.02016524, 0.02015865, ..., 0.0199056 , 0.02035503,
        0.01986891],
       [0.02064207, 0.02016023, 0.02015371, ..., 0.01990296, 0.02034827,
        0.0198666 ],
       ...,
       [0.0202763 , 0.01996679, 0.01996259, ..., 0.01980049, 0.02008789,
        0.01977692],
       [0.0209265 , 0.02030922, 0.02030089, ..., 0.01998125, 0.02054966,
        0.01993499],
       [0.02022333, 0.01993861, 0.01993474, ..., 0.01978548, 0.02005005,
        0.01976377]], dtype=float32), array([[0.02135699, 0.01926449, 0.01925411, ..., 0.02009752, 0.02085269,
        0.02003635],
       [0.01955104, 0.01961912, 0.01961948, ..., 0.01959114, 0.0195668 ,
        0.01959316],
       [0.01954195, 0.01962093, 0.01962134, ..., 0.01958846, 0.01956022,
        0.0195908 ],
       ...,
       [0.0202763 , 0.01947572, 0.01947162, ..., 0.01980049, 0.02008789,
        0.01977693],
       [0.02092652, 0.01934828, 0.01934035, ..., 0.01998127, 0.02054968,
        0.019935  ],
       [0.02022333, 0.01948615, 0.01948237, ..., 0.01978548, 0.02005005,
        0.01976378]], dtype=float32), array([[0.01949766, 0.01991929, 0.01946237, ..., 0.01976593, 0.01902629,
        0.01929505],
       [0.01931038, 0.02043492, 0.01921804, ..., 0.02002131, 0.01809967,
        0.01878399],
       [0.01951318, 0.0198758 , 0.01948278, ..., 0.01974403, 0.01910648,
        0.01933854],
       ...,
       [0.01937888, 0.02024822, 0.019307  , ..., 0.01992975, 0.01843009,
        0.01896806],
       [0.01970275, 0.01933421, 0.01973428, ..., 0.01946655, 0.02013295,
        0.01988524],
       [0.01958642, 0.01966891, 0.01957945, ..., 0.01963907, 0.01949249,
        0.01954627]], dtype=float32)]",1,0,0,0,0,0,36.41785714285714,80.77142857142857,4.5,5.8145799614949496e-05,5000.0,0.00011514820592908866,-960000.0,4.5,-960000.0,5000.0,0.1029131903198418,93024,0.0034467150366,15504,6.0,1.0,1990,0.0,969.0,0.0023669164802,0.0,820.862602485624,0.6873815059661865,0.3312782943248749,17828,0.2717260420322418,4.948794958181679e-05,6.556510925292969e-07,1.0,23.43830108642578,969.0,0.0023669164802,93024,-0.0002776720793917775,15504,0.0,6.0,0.012529241852462292,820.8563184473708,489600,186048,81600,31008,0,19818,4320.4535629278735,16614609.337396355,11293582.23251424,120,50,1.3570291596439795e-05,50.0,0.9,31000,0.2668596682612613,3.101170085794759e-05,27.168093332126602,0.0005146577856330108,20,50,1000,6.0,27.168093332126602,-16.5,0.012742664612596854,17.5,0.00011213580806134509,5.737155167837613e-05,0.9,6000,1000,6000,0.9,1000,6.814147729203257e-06,1.227994528829874e-05,1.2227423226880411e-05,2.704552645058793e-06,2.7635405109734336e-06,3.772194777224839e-05,1.4864110430485908e-05,7.873978973635534e-06,1.0562089165344931e-05,1.1696162009887139e-05,6.439663756272419e-06,0.004736074462123903,0.0003308534661753474,0.03825111867454732,0.05654641179044986,0.0017025624633579073,0.0011296412846802377,9.178570841639932e-05,96.0,91.0,0.0,558144,969.0,93024,2937600,489600,186048,1116288,46538.65533774907,0.6873633861541748,0.3486327528953552,0.28603095,8.344650268554688e-07,558144,-0.00034428847720846534,969.0,93024,1.0,96.0,4.7820558393141255e-05,91.0,23.310684204101562,7.920558094615034e-06,1.0156116305118088e-05,1.1836813060379579e-05,3.548732647921284e-05,1.466870048223101e-05,6.438309868768405e-06,1.1841163221567625e-05,2.7475804459209394e-06,2.6698585346888485e-06,6.648342014194961e-06,1.2115226306908744e-05
1,-1202500.0,True,7,8097b_00000,2025-08-11_15-26-50,1754918810,19.575397729873657,138.2253975868225,3098,Mac,127.0.0.1,138.2253975868225,7,19.65293278738516,8.640027621902135e-06,19.652793448920715,1.4173374808519967,18.115567068428973,0.0008835973949535283,50,4.17314802154323e-05,100.0,3.068572909550672e-05,50,5000.0,6.0,27.16809333212661,0.18276580469469844,0.012946923774434254,1.373221098141432e-05,50.0,14.5,27.16809333212661,0.7000000000000002,0.013399907812086187,-24050.0,-1202500.0,-5.5,3555.9276560101493,5000.0,5100.0,"[array([[0.01950683, 0.01947532, 0.01947153, ..., 0.01932538, 0.01947833,
        0.01975348],
       [0.01951951, 0.0194919 , 0.01948857, ..., 0.01936043, 0.01949454,
        0.01973545],
       [0.01952104, 0.01949389, 0.01949063, ..., 0.01936466, 0.01949649,
        0.01973328],
       ...,
       [0.01957967, 0.01957077, 0.0195697 , ..., 0.0195283 , 0.01957162,
        0.01964894],
       [0.0195183 , 0.01949031, 0.01948695, ..., 0.01935708, 0.01949299,
        0.01973718],
       [0.01940718, 0.01934557, 0.01933816, ..., 0.01905376, 0.01935146,
        0.01989269]], dtype=float32), array([[0.02133115, 0.01924119, 0.01923081, ..., 0.02007321, 0.02082746,
        0.02001211],
       [0.01955187, 0.01961995, 0.01962031, ..., 0.01959197, 0.01956763,
        0.01959398],
       [0.0195429 , 0.01962189, 0.0196223 , ..., 0.01958942, 0.01956118,
        0.01959176],
       ...,
       [0.02026652, 0.01946633, 0.01946223, ..., 0.01979095, 0.02007821,
        0.01976739],
       [0.02090711, 0.01933034, 0.01932241, ..., 0.01996274, 0.02053063,
        0.01991652],
       [0.02021433, 0.01947748, 0.0194737 , ..., 0.01977668, 0.02004113,
        0.01975498]], dtype=float32), array([[0.01952466, 0.01949312, 0.01994299, ..., 0.01934304, 0.01949613,
        0.01977153],
       [0.01953511, 0.01950747, 0.01990112, ..., 0.0193759 , 0.01951011,
        0.01975122],
       [0.019385  , 0.01930272, 0.02049682, ..., 0.01891422, 0.01931058,
        0.02003648],
       ...,
       [0.01958465, 0.01957575, 0.0197017 , ..., 0.01953327, 0.0195766 ,
        0.01965394],
       [0.01953411, 0.0195061 , 0.01990512, ..., 0.01937276, 0.01950878,
        0.01975316],
       [0.01944248, 0.01938076, 0.02027016, ..., 0.01908842, 0.01938666,
        0.01992887]], dtype=float32), array([[0.01951567, 0.01993768, 0.0199338 , ..., 0.01933413, 0.01948715,
        0.01976242],
       [0.01935928, 0.02048667, 0.02047612, ..., 0.01888647, 0.01928453,
        0.02001365],
       [0.01936072, 0.02048163, 0.02047115, ..., 0.01889053, 0.0192864 ,
        0.02001138],
       ...,
       [0.01958215, 0.01970027, 0.01969919, ..., 0.01953078, 0.01957411,
        0.01965144],
       [0.01952614, 0.01990044, 0.019897  , ..., 0.01936485, 0.01950082,
        0.01974511],
       [0.01942452, 0.02025918, 0.02025143, ..., 0.01907079, 0.01936875,
        0.01991046]], dtype=float32), array([[0.02122436, 0.02040493, 0.01913454, ..., 0.01997272, 0.01944346,
        0.0186823 ],
       [0.02057377, 0.02008925, 0.0193226 , ..., 0.01983059, 0.01951084,
        0.01904487],
       [0.01954672, 0.01957685, 0.01962614, ..., 0.01959325, 0.01961385,
        0.01964451],
       ...,
       [0.02022691, 0.01991817, 0.01942419, ..., 0.01975227, 0.01954611,
        0.01924353],
       [0.0197986 , 0.01970416, 0.01955093, ..., 0.01965299, 0.019589  ,
        0.01949423],
       [0.01917549, 0.01938721, 0.01973791, ..., 0.01950332, 0.01964995,
        0.01987002]], dtype=float32), array([[0.01954213, 0.01996472, 0.01950676, ..., 0.01936035, 0.01951358,
        0.01978922],
       [0.01942892, 0.02056037, 0.01933602, ..., 0.01895441, 0.01935391,
        0.02008565],
       [0.01955142, 0.01991475, 0.01952097, ..., 0.0193948 , 0.01952684,
        0.019764  ],
       ...,
       [0.01958961, 0.01970777, 0.01957963, ..., 0.01953821, 0.01958156,
        0.01965892],
       [0.01954964, 0.01992439, 0.01951823, ..., 0.01938815, 0.01952428,
        0.01976886],
       [0.0194764 , 0.02031329, 0.01940714, ..., 0.01912172, 0.01942048,
        0.01996364]], dtype=float32), array([[0.01951567, 0.01993768, 0.0199338 , ..., 0.01933413, 0.01948715,
        0.01976242],
       [0.01935928, 0.02048667, 0.02047612, ..., 0.01888647, 0.01928453,
        0.02001365],
       [0.01936072, 0.02048163, 0.02047115, ..., 0.01889053, 0.0192864 ,
        0.02001138],
       ...,
       [0.01958215, 0.01970027, 0.01969919, ..., 0.01953078, 0.01957411,
        0.01965144],
       [0.01952614, 0.01990044, 0.019897  , ..., 0.01936485, 0.01950082,
        0.01974511],
       [0.01942452, 0.02025918, 0.02025143, ..., 0.01907079, 0.01936875,
        0.01991046]], dtype=float32), array([[0.02130324, 0.02048076, 0.01920565, ..., 0.02004694, 0.02080021,
        0.01998593],
       [0.02062022, 0.02013461, 0.01936623, ..., 0.01987537, 0.02032411,
        0.01983873],
       [0.01954386, 0.01957398, 0.01962326, ..., 0.01959038, 0.01956213,
        0.01959272],
       ...,
       [0.02025644, 0.01994725, 0.01945255, ..., 0.01978111, 0.02006822,
        0.01975756],
       [0.02088653, 0.02027044, 0.01930339, ..., 0.01994309, 0.02051041,
        0.01989691],
       [0.02020508, 0.01992062, 0.01946479, ..., 0.01976763, 0.02003196,
        0.01974594]], dtype=float32), array([[0.01951541, 0.01993742, 0.01948009, ..., 0.01978392, 0.01904361,
        0.01931261],
       [0.0193575 , 0.02048479, 0.01926494, ..., 0.02007017, 0.01814384,
        0.01882983],
       [0.01952845, 0.01989135, 0.01949803, ..., 0.01975948, 0.01912143,
        0.01935367],
       ...,
       [0.01941537, 0.02028635, 0.01934336, ..., 0.01996728, 0.0184648 ,
        0.01900378],
       [0.01968718, 0.01931893, 0.01971868, ..., 0.01945116, 0.02011703,
        0.01986952],
       [0.0195899 , 0.0196724 , 0.01958293, ..., 0.01964256, 0.01949595,
        0.01954974]], dtype=float32), array([[0.02119737, 0.02037899, 0.01911021, ..., 0.01994732, 0.02069684,
        0.01988661],
       [0.02055805, 0.02007389, 0.01930783, ..., 0.01981543, 0.02026283,
        0.01977891],
       [0.01954768, 0.01957781, 0.0196271 , ..., 0.01959421, 0.01956596,
        0.01959655],
       ...,
       [0.02021697, 0.01990838, 0.01941464, ..., 0.01974256, 0.02002911,
        0.01971906],
       [0.02080748, 0.02019372, 0.01923033, ..., 0.01986761, 0.02043279,
        0.01982161],
       [0.02016878, 0.01988483, 0.01942981, ..., 0.01973211, 0.01999597,
        0.01971046]], dtype=float32), array([[0.01953317, 0.01950161, 0.01949782, ..., 0.01935147, 0.01906094,
        0.01933019],
       [0.0195426 , 0.01951495, 0.01951162, ..., 0.01938333, 0.01912827,
        0.01936466],
       [0.01954373, 0.01951655, 0.01951328, ..., 0.01938717, 0.0191364 ,
        0.01936881],
       ...,
       [0.01958711, 0.01957821, 0.01957714, ..., 0.01953572, 0.01945283,
        0.01952968],
       [0.01967162, 0.01969971, 0.01970309, ..., 0.01983454, 0.02010113,
        0.01985382],
       [0.01959338, 0.01958715, 0.0195864 , ..., 0.01955744, 0.01949941,
        0.01955321]], dtype=float32), array([[0.01953327, 0.01950172, 0.01995179, ..., 0.01980203, 0.01950474,
        0.01978025],
       [0.01954268, 0.01951503, 0.01990882, ..., 0.01977792, 0.01951767,
        0.01975887],
       [0.01940666, 0.01932429, 0.02051971, ..., 0.02011701, 0.01933215,
        0.02005886],
       ...,
       [0.01945236, 0.01938795, 0.02031688, ..., 0.02000533, 0.01939411,
        0.01996022],
       [0.01954178, 0.01951376, 0.01991293, ..., 0.01978023, 0.01951644,
        0.01976092],
       [0.01945898, 0.0193972 , 0.02028735, ..., 0.01998899, 0.0194031 ,
        0.01994578]], dtype=float32), array([[0.01951534, 0.01948381, 0.01993347, ..., 0.01933381, 0.01904354,
        0.01931254],
       [0.019527  , 0.01949937, 0.01989285, ..., 0.01936786, 0.01911301,
        0.0193492 ],
       [0.01935851, 0.01927634, 0.02046881, ..., 0.01888837, 0.01815144,
        0.01883376],
       ...,
       [0.01958213, 0.01957323, 0.01969916, ..., 0.01953075, 0.01944788,
        0.01952471],
       [0.01968712, 0.01971524, 0.0193222 , ..., 0.01985018, 0.02011698,
        0.01986947],
       [0.0195899 , 0.01958367, 0.01967164, ..., 0.01955396, 0.01949595,
        0.01954974]], dtype=float32), array([[0.02124987, 0.02042945, 0.01915753, ..., 0.01999672, 0.0207481 ,
        0.01993586],
       [0.02058898, 0.0201041 , 0.01933688, ..., 0.01984525, 0.02029332,
        0.01980867],
       [0.01954577, 0.01957589, 0.01962518, ..., 0.01959229, 0.01956404,
        0.01959463],
       ...,
       [0.02023664, 0.01992775, 0.01943354, ..., 0.01976177, 0.0200486 ,
        0.01973825],
       [0.02084675, 0.02023183, 0.01926663, ..., 0.01990511, 0.02047135,
        0.01985902],
       [0.02018687, 0.01990267, 0.01944724, ..., 0.01974982, 0.0200139 ,
        0.01972815]], dtype=float32), array([[0.02135631, 0.02053178, 0.01925349, ..., 0.01885583, 0.01956434,
        0.01879844],
       [0.02065136, 0.02016501, 0.01939547, ..., 0.019152  , 0.01958441,
        0.01911669],
       [0.01954195, 0.01957207, 0.01962134, ..., 0.01963736, 0.01960905,
        0.01963971],
       ...,
       [0.01919261, 0.01938119, 0.01969306, ..., 0.01979539, 0.01961489,
        0.01981038],
       [0.01981361, 0.0197191 , 0.01956576, ..., 0.01951624, 0.01960385,
        0.01950901],
       [0.01914202, 0.01935338, 0.01970347, ..., 0.01981849, 0.01961565,
        0.01983534]], dtype=float32), array([[0.01953317, 0.01950161, 0.01949782, ..., 0.01935147, 0.01906094,
        0.01933019],
       [0.0195426 , 0.01951495, 0.01951162, ..., 0.01938333, 0.01912827,
        0.01936466],
       [0.01954373, 0.01951655, 0.01951328, ..., 0.01938717, 0.0191364 ,
        0.01936881],
       ...,
       [0.01958711, 0.01957821, 0.01957714, ..., 0.01953572, 0.01945283,
        0.01952968],
       [0.01967162, 0.01969971, 0.01970309, ..., 0.01983454, 0.02010113,
        0.01985382],
       [0.01959338, 0.01958715, 0.0195864 , ..., 0.01955744, 0.01949941,
        0.01955321]], dtype=float32)]",1,0,0,0,0,0,34.89285714285714,80.1857142857143,0.7000000000000002,5.864771337225181e-05,5000.0,0.0001163786237155434,-1202500.0,0.7000000000000002,-1202500.0,5000.0,0.10294261258636528,108528,0.0034467150366,15504,7.0,1.0,1990,0.0,969.0,0.0023669164802,0.0,822.2341699358041,0.6874685287475586,0.32863152027130127,17828,0.2698515057563782,4.990419029127224e-07,8.344650268554688e-07,1.0,23.30824851989746,969.0,0.0023669164802,108528,3.545309300534427e-05,15504,0.0,7.0,0.006264620926231146,822.2282369580007,571200,217056,81600,31008,0,19818,4327.666399245768,16367830.305092486,11347982.832821518,140,50,1.33570141112727e-05,50.0,0.9,36000,0.2667991015781861,3.0420057773594472e-05,27.168093332126602,0.0005103245480792374,20,50,1000,7.0,27.168093332126602,-16.5,0.012598792914068326,17.5,0.00011007254997129923,5.6528367371956964e-05,0.9,7000,1000,7000,0.9,1000,6.8883381712832845e-06,1.2311633141120428e-05,1.236175527192216e-05,2.707339852074615e-06,2.7856774148038536e-06,3.814562242788008e-05,1.5050149161729578e-05,7.952384185757966e-06,1.0621060259012961e-05,1.1822536538329895e-05,6.558795695540164e-06,0.004732890797774429,0.0003309078511831922,0.038259242487877994,0.056572741422026805,0.001700637668493254,0.0011300807015909619,9.156951208825706e-05,112.0,106.0,0.0,651168,969.0,93024,3427200,489600,186048,1302336,45962.88140989657,0.6875246167182922,0.3513130247592926,0.2885529,6.556510925292969e-07,651168,2.10611437978514e-06,969.0,93024,1.0,112.0,5.19276568411442e-07,106.0,25.30739402770996,7.593721700988475e-06,9.978102766275067e-06,1.1469365675469293e-05,3.5417684049932126e-05,1.421488818892241e-05,6.345662092824489e-06,1.1599002663741459e-05,2.698234966130733e-06,2.6365095021635502e-06,6.521385962849979e-06,1.198095576018148e-05
